path,type,subtype,speaker,command,snr
samples/crf_07/noisy/eng/eng_17.wav,command,noisy,crf_07,17,-6
samples/crf_07/noisy/eng/eng_29.wav,command,noisy,crf_07,29,5
samples/crf_07/noisy/eng/eng_1.wav,command,noisy,crf_07,1,-1
samples/crf_07/noisy/eng/eng_14.wav,command,noisy,crf_07,14,0
samples/crf_07/noisy/eng/eng_15.wav,command,noisy,crf_07,15,-1
samples/crf_07/noisy/eng/eng_22.wav,command,noisy,crf_07,22,-2
samples/crf_07/noisy/eng/eng_9.wav,command,noisy,crf_07,9,-7
samples/crf_07/noisy/eng/eng_4.wav,command,noisy,crf_07,4,-18
samples/crf_07/noisy/eng/eng_12.wav,command,noisy,crf_07,12,-3
samples/crf_07/noisy/eng/eng_23.wav,command,noisy,crf_07,23,13
samples/crf_07/noisy/eng/eng_2.wav,command,noisy,crf_07,2,-7
samples/crf_07/noisy/eng/eng_25.wav,command,noisy,crf_07,25,4
samples/crf_07/noisy/eng/eng_16.wav,command,noisy,crf_07,16,2
samples/crf_07/noisy/eng/eng_18.wav,command,noisy,crf_07,18,-5
samples/crf_07/noisy/eng/eng_6.wav,command,noisy,crf_07,6,-4
samples/crf_07/noisy/eng/eng_3.wav,command,noisy,crf_07,3,2
samples/crf_07/noisy/eng/eng_13.wav,command,noisy,crf_07,13,-5
samples/crf_07/noisy/eng/eng_28.wav,command,noisy,crf_07,28,0
samples/crf_07/noisy/eng/eng_5.wav,command,noisy,crf_07,5,-12
samples/crf_07/noisy/eng/eng_26.wav,command,noisy,crf_07,26,1
samples/crf_07/noisy/eng/eng_7.wav,command,noisy,crf_07,7,-3
samples/crf_07/noisy/eng/eng_11.wav,command,noisy,crf_07,11,1
samples/crf_07/noisy/eng/eng_30.wav,command,noisy,crf_07,30,0
samples/crf_07/noisy/eng/eng_0.wav,command,noisy,crf_07,0,-3
samples/crf_07/noisy/eng/eng_27.wav,command,noisy,crf_07,27,-4
samples/crf_07/noisy/eng/eng_21.wav,command,noisy,crf_07,21,-2
samples/crf_07/noisy/eng/eng_19.wav,command,noisy,crf_07,19,5
samples/crf_07/noisy/eng/eng_20.wav,command,noisy,crf_07,20,-5
samples/crf_07/noisy/eng/eng_24.wav,command,noisy,crf_07,24,8
samples/crf_07/noisy/eng/eng_8.wav,command,noisy,crf_07,8,-3
samples/crf_07/noisy/eng/eng_10.wav,command,noisy,crf_07,10,1
samples/crf_07/clean/eng/eng_17.wav,command,clean,crf_07,17,17
samples/crf_07/clean/eng/eng_29.wav,command,clean,crf_07,29,22
samples/crf_07/clean/eng/eng_1.wav,command,clean,crf_07,1,19
samples/crf_07/clean/eng/eng_14.wav,command,clean,crf_07,14,20
samples/crf_07/clean/eng/eng_15.wav,command,clean,crf_07,15,22
samples/crf_07/clean/eng/eng_22.wav,command,clean,crf_07,22,0
samples/crf_07/clean/eng/eng_9.wav,command,clean,crf_07,9,20
samples/crf_07/clean/eng/eng_4.wav,command,clean,crf_07,4,18
samples/crf_07/clean/eng/eng_12.wav,command,clean,crf_07,12,20
samples/crf_07/clean/eng/eng_23.wav,command,clean,crf_07,23,-1
samples/crf_07/clean/eng/eng_2.wav,command,clean,crf_07,2,17
samples/crf_07/clean/eng/eng_25.wav,command,clean,crf_07,25,18
samples/crf_07/clean/eng/eng_16.wav,command,clean,crf_07,16,21
samples/crf_07/clean/eng/eng_18.wav,command,clean,crf_07,18,22
samples/crf_07/clean/eng/eng_6.wav,command,clean,crf_07,6,22
samples/crf_07/clean/eng/eng_3.wav,command,clean,crf_07,3,17
samples/crf_07/clean/eng/eng_13.wav,command,clean,crf_07,13,19
samples/crf_07/clean/eng/eng_28.wav,command,clean,crf_07,28,15
samples/crf_07/clean/eng/eng_5.wav,command,clean,crf_07,5,18
samples/crf_07/clean/eng/eng_26.wav,command,clean,crf_07,26,17
samples/crf_07/clean/eng/eng_7.wav,command,clean,crf_07,7,20
samples/crf_07/clean/eng/eng_11.wav,command,clean,crf_07,11,15
samples/crf_07/clean/eng/eng_30.wav,command,clean,crf_07,30,16
samples/crf_07/clean/eng/eng_0.wav,command,clean,crf_07,0,22
samples/crf_07/clean/eng/eng_27.wav,command,clean,crf_07,27,20
samples/crf_07/clean/eng/eng_21.wav,command,clean,crf_07,21,20
samples/crf_07/clean/eng/eng_19.wav,command,clean,crf_07,19,17
samples/crf_07/clean/eng/eng_20.wav,command,clean,crf_07,20,22
samples/crf_07/clean/eng/eng_24.wav,command,clean,crf_07,24,-5
samples/crf_07/clean/eng/eng_8.wav,command,clean,crf_07,8,21
samples/crf_07/clean/eng/eng_10.wav,command,clean,crf_07,10,19
samples/fr_1/noisy/eng/eng_17.wav,command,noisy,fr_1,17,0
samples/fr_1/noisy/eng/eng_29.wav,command,noisy,fr_1,29,3
samples/fr_1/noisy/eng/eng_1.wav,command,noisy,fr_1,1,2
samples/fr_1/noisy/eng/eng_14.wav,command,noisy,fr_1,14,0
samples/fr_1/noisy/eng/eng_15.wav,command,noisy,fr_1,15,0
samples/fr_1/noisy/eng/eng_22.wav,command,noisy,fr_1,22,1
samples/fr_1/noisy/eng/eng_9.wav,command,noisy,fr_1,9,1
samples/fr_1/noisy/eng/eng_4.wav,command,noisy,fr_1,4,0
samples/fr_1/noisy/eng/eng_12.wav,command,noisy,fr_1,12,1
samples/fr_1/noisy/eng/eng_23.wav,command,noisy,fr_1,23,0
samples/fr_1/noisy/eng/eng_2.wav,command,noisy,fr_1,2,1
samples/fr_1/noisy/eng/eng_25.wav,command,noisy,fr_1,25,-2
samples/fr_1/noisy/eng/eng_16.wav,command,noisy,fr_1,16,-4
samples/fr_1/noisy/eng/eng_18.wav,command,noisy,fr_1,18,7
samples/fr_1/noisy/eng/eng_6.wav,command,noisy,fr_1,6,-2
samples/fr_1/noisy/eng/eng_3.wav,command,noisy,fr_1,3,4
samples/fr_1/noisy/eng/eng_13.wav,command,noisy,fr_1,13,0
samples/fr_1/noisy/eng/eng_28.wav,command,noisy,fr_1,28,5
samples/fr_1/noisy/eng/eng_5.wav,command,noisy,fr_1,5,1
samples/fr_1/noisy/eng/eng_26.wav,command,noisy,fr_1,26,-3
samples/fr_1/noisy/eng/eng_7.wav,command,noisy,fr_1,7,0
samples/fr_1/noisy/eng/eng_11.wav,command,noisy,fr_1,11,-1
samples/fr_1/noisy/eng/eng_30.wav,command,noisy,fr_1,30,-9
samples/fr_1/noisy/eng/eng_0.wav,command,noisy,fr_1,0,-7
samples/fr_1/noisy/eng/eng_27.wav,command,noisy,fr_1,27,1
samples/fr_1/noisy/eng/eng_21.wav,command,noisy,fr_1,21,2
samples/fr_1/noisy/eng/eng_19.wav,command,noisy,fr_1,19,6
samples/fr_1/noisy/eng/eng_20.wav,command,noisy,fr_1,20,-8
samples/fr_1/noisy/eng/eng_24.wav,command,noisy,fr_1,24,-8
samples/fr_1/noisy/eng/eng_8.wav,command,noisy,fr_1,8,6
samples/fr_1/noisy/eng/eng_10.wav,command,noisy,fr_1,10,3
samples/crf_06/noisy/eng/eng_17.wav,command,noisy,crf_06,17,-7
samples/crf_06/noisy/eng/eng_29.wav,command,noisy,crf_06,29,10
samples/crf_06/noisy/eng/eng_1.wav,command,noisy,crf_06,1,-11
samples/crf_06/noisy/eng/eng_14.wav,command,noisy,crf_06,14,-4
samples/crf_06/noisy/eng/eng_15.wav,command,noisy,crf_06,15,-11
samples/crf_06/noisy/eng/eng_22.wav,command,noisy,crf_06,22,5
samples/crf_06/noisy/eng/eng_9.wav,command,noisy,crf_06,9,-16
samples/crf_06/noisy/eng/eng_4.wav,command,noisy,crf_06,4,-14
samples/crf_06/noisy/eng/eng_12.wav,command,noisy,crf_06,12,-3
samples/crf_06/noisy/eng/eng_23.wav,command,noisy,crf_06,23,-6
samples/crf_06/noisy/eng/eng_2.wav,command,noisy,crf_06,2,-15
samples/crf_06/noisy/eng/eng_25.wav,command,noisy,crf_06,25,-9
samples/crf_06/noisy/eng/eng_16.wav,command,noisy,crf_06,16,-11
samples/crf_06/noisy/eng/eng_18.wav,command,noisy,crf_06,18,-4
samples/crf_06/noisy/eng/eng_6.wav,command,noisy,crf_06,6,-13
samples/crf_06/noisy/eng/eng_3.wav,command,noisy,crf_06,3,-16
samples/crf_06/noisy/eng/eng_13.wav,command,noisy,crf_06,13,-9
samples/crf_06/noisy/eng/eng_28.wav,command,noisy,crf_06,28,7
samples/crf_06/noisy/eng/eng_5.wav,command,noisy,crf_06,5,-14
samples/crf_06/noisy/eng/eng_26.wav,command,noisy,crf_06,26,0
samples/crf_06/noisy/eng/eng_7.wav,command,noisy,crf_06,7,-3
samples/crf_06/noisy/eng/eng_11.wav,command,noisy,crf_06,11,-10
samples/crf_06/noisy/eng/eng_30.wav,command,noisy,crf_06,30,-2
samples/crf_06/noisy/eng/eng_0.wav,command,noisy,crf_06,0,-7
samples/crf_06/noisy/eng/eng_27.wav,command,noisy,crf_06,27,4
samples/crf_06/noisy/eng/eng_21.wav,command,noisy,crf_06,21,-4
samples/crf_06/noisy/eng/eng_19.wav,command,noisy,crf_06,19,-1
samples/crf_06/noisy/eng/eng_20.wav,command,noisy,crf_06,20,1
samples/crf_06/noisy/eng/eng_24.wav,command,noisy,crf_06,24,-11
samples/crf_06/noisy/eng/eng_8.wav,command,noisy,crf_06,8,-8
samples/crf_06/noisy/eng/eng_10.wav,command,noisy,crf_06,10,-6
samples/crf_06/clean/eng/eng_17.wav,command,clean,crf_06,17,12
samples/crf_06/clean/eng/eng_29.wav,command,clean,crf_06,29,16
samples/crf_06/clean/eng/eng_1.wav,command,clean,crf_06,1,11
samples/crf_06/clean/eng/eng_14.wav,command,clean,crf_06,14,16
samples/crf_06/clean/eng/eng_15.wav,command,clean,crf_06,15,15
samples/crf_06/clean/eng/eng_22.wav,command,clean,crf_06,22,-1
samples/crf_06/clean/eng/eng_9.wav,command,clean,crf_06,9,13
samples/crf_06/clean/eng/eng_4.wav,command,clean,crf_06,4,14
samples/crf_06/clean/eng/eng_12.wav,command,clean,crf_06,12,16
samples/crf_06/clean/eng/eng_23.wav,command,clean,crf_06,23,-1
samples/crf_06/clean/eng/eng_2.wav,command,clean,crf_06,2,12
samples/crf_06/clean/eng/eng_25.wav,command,clean,crf_06,25,18
samples/crf_06/clean/eng/eng_16.wav,command,clean,crf_06,16,16
samples/crf_06/clean/eng/eng_18.wav,command,clean,crf_06,18,18
samples/crf_06/clean/eng/eng_6.wav,command,clean,crf_06,6,17
samples/crf_06/clean/eng/eng_3.wav,command,clean,crf_06,3,12
samples/crf_06/clean/eng/eng_13.wav,command,clean,crf_06,13,12
samples/crf_06/clean/eng/eng_28.wav,command,clean,crf_06,28,17
samples/crf_06/clean/eng/eng_5.wav,command,clean,crf_06,5,12
samples/crf_06/clean/eng/eng_26.wav,command,clean,crf_06,26,17
samples/crf_06/clean/eng/eng_7.wav,command,clean,crf_06,7,14
samples/crf_06/clean/eng/eng_11.wav,command,clean,crf_06,11,11
samples/crf_06/clean/eng/eng_30.wav,command,clean,crf_06,30,12
samples/crf_06/clean/eng/eng_0.wav,command,clean,crf_06,0,16
samples/crf_06/clean/eng/eng_27.wav,command,clean,crf_06,27,15
samples/crf_06/clean/eng/eng_21.wav,command,clean,crf_06,21,15
samples/crf_06/clean/eng/eng_19.wav,command,clean,crf_06,19,17
samples/crf_06/clean/eng/eng_20.wav,command,clean,crf_06,20,16
samples/crf_06/clean/eng/eng_24.wav,command,clean,crf_06,24,-2
samples/crf_06/clean/eng/eng_8.wav,command,clean,crf_06,8,16
samples/crf_06/clean/eng/eng_10.wav,command,clean,crf_06,10,17
samples/crf_02/noisy/eng/eng_17.wav,command,noisy,crf_02,17,8
samples/crf_02/noisy/eng/eng_29.wav,command,noisy,crf_02,29,8
samples/crf_02/noisy/eng/eng_1.wav,command,noisy,crf_02,1,-3
samples/crf_02/noisy/eng/eng_14.wav,command,noisy,crf_02,14,6
samples/crf_02/noisy/eng/eng_15.wav,command,noisy,crf_02,15,0
samples/crf_02/noisy/eng/eng_22.wav,command,noisy,crf_02,22,-7
samples/crf_02/noisy/eng/eng_9.wav,command,noisy,crf_02,9,4
samples/crf_02/noisy/eng/eng_4.wav,command,noisy,crf_02,4,6
samples/crf_02/noisy/eng/eng_12.wav,command,noisy,crf_02,12,2
samples/crf_02/noisy/eng/eng_23.wav,command,noisy,crf_02,23,-10
samples/crf_02/noisy/eng/eng_2.wav,command,noisy,crf_02,2,-2
samples/crf_02/noisy/eng/eng_25.wav,command,noisy,crf_02,25,5
samples/crf_02/noisy/eng/eng_16.wav,command,noisy,crf_02,16,4
samples/crf_02/noisy/eng/eng_18.wav,command,noisy,crf_02,18,4
samples/crf_02/noisy/eng/eng_6.wav,command,noisy,crf_02,6,3
samples/crf_02/noisy/eng/eng_3.wav,command,noisy,crf_02,3,5
samples/crf_02/noisy/eng/eng_13.wav,command,noisy,crf_02,13,-4
samples/crf_02/noisy/eng/eng_28.wav,command,noisy,crf_02,28,6
samples/crf_02/noisy/eng/eng_5.wav,command,noisy,crf_02,5,1
samples/crf_02/noisy/eng/eng_26.wav,command,noisy,crf_02,26,-4
samples/crf_02/noisy/eng/eng_7.wav,command,noisy,crf_02,7,4
samples/crf_02/noisy/eng/eng_11.wav,command,noisy,crf_02,11,3
samples/crf_02/noisy/eng/eng_30.wav,command,noisy,crf_02,30,5
samples/crf_02/noisy/eng/eng_0.wav,command,noisy,crf_02,0,-1
samples/crf_02/noisy/eng/eng_27.wav,command,noisy,crf_02,27,1
samples/crf_02/noisy/eng/eng_21.wav,command,noisy,crf_02,21,12
samples/crf_02/noisy/eng/eng_19.wav,command,noisy,crf_02,19,4
samples/crf_02/noisy/eng/eng_20.wav,command,noisy,crf_02,20,-8
samples/crf_02/noisy/eng/eng_24.wav,command,noisy,crf_02,24,-12
samples/crf_02/noisy/eng/eng_8.wav,command,noisy,crf_02,8,10
samples/crf_02/noisy/eng/eng_10.wav,command,noisy,crf_02,10,-2
samples/crf_02/clean/eng/eng_17.wav,command,clean,crf_02,17,19
samples/crf_02/clean/eng/eng_29.wav,command,clean,crf_02,29,15
samples/crf_02/clean/eng/eng_1.wav,command,clean,crf_02,1,21
samples/crf_02/clean/eng/eng_14.wav,command,clean,crf_02,14,21
samples/crf_02/clean/eng/eng_15.wav,command,clean,crf_02,15,18
samples/crf_02/clean/eng/eng_22.wav,command,clean,crf_02,22,-2
samples/crf_02/clean/eng/eng_9.wav,command,clean,crf_02,9,19
samples/crf_02/clean/eng/eng_4.wav,command,clean,crf_02,4,21
samples/crf_02/clean/eng/eng_12.wav,command,clean,crf_02,12,21
samples/crf_02/clean/eng/eng_23.wav,command,clean,crf_02,23,13
samples/crf_02/clean/eng/eng_2.wav,command,clean,crf_02,2,16
samples/crf_02/clean/eng/eng_25.wav,command,clean,crf_02,25,20
samples/crf_02/clean/eng/eng_16.wav,command,clean,crf_02,16,19
samples/crf_02/clean/eng/eng_18.wav,command,clean,crf_02,18,22
samples/crf_02/clean/eng/eng_6.wav,command,clean,crf_02,6,21
samples/crf_02/clean/eng/eng_3.wav,command,clean,crf_02,3,15
samples/crf_02/clean/eng/eng_13.wav,command,clean,crf_02,13,16
samples/crf_02/clean/eng/eng_28.wav,command,clean,crf_02,28,18
samples/crf_02/clean/eng/eng_5.wav,command,clean,crf_02,5,18
samples/crf_02/clean/eng/eng_26.wav,command,clean,crf_02,26,19
samples/crf_02/clean/eng/eng_7.wav,command,clean,crf_02,7,18
samples/crf_02/clean/eng/eng_11.wav,command,clean,crf_02,11,17
samples/crf_02/clean/eng/eng_30.wav,command,clean,crf_02,30,11
samples/crf_02/clean/eng/eng_0.wav,command,clean,crf_02,0,21
samples/crf_02/clean/eng/eng_27.wav,command,clean,crf_02,27,18
samples/crf_02/clean/eng/eng_21.wav,command,clean,crf_02,21,19
samples/crf_02/clean/eng/eng_19.wav,command,clean,crf_02,19,18
samples/crf_02/clean/eng/eng_20.wav,command,clean,crf_02,20,20
samples/crf_02/clean/eng/eng_24.wav,command,clean,crf_02,24,13
samples/crf_02/clean/eng/eng_8.wav,command,clean,crf_02,8,21
samples/crf_02/clean/eng/eng_10.wav,command,clean,crf_02,10,23
samples/crf_08/noisy/eng/eng_17.wav,command,noisy,crf_08,17,-7
samples/crf_08/noisy/eng/eng_29.wav,command,noisy,crf_08,29,-5
samples/crf_08/noisy/eng/eng_1.wav,command,noisy,crf_08,1,-4
samples/crf_08/noisy/eng/eng_14.wav,command,noisy,crf_08,14,-5
samples/crf_08/noisy/eng/eng_15.wav,command,noisy,crf_08,15,-15
samples/crf_08/noisy/eng/eng_22.wav,command,noisy,crf_08,22,-8
samples/crf_08/noisy/eng/eng_9.wav,command,noisy,crf_08,9,-11
samples/crf_08/noisy/eng/eng_4.wav,command,noisy,crf_08,4,0
samples/crf_08/noisy/eng/eng_12.wav,command,noisy,crf_08,12,-11
samples/crf_08/noisy/eng/eng_23.wav,command,noisy,crf_08,23,-17
samples/crf_08/noisy/eng/eng_2.wav,command,noisy,crf_08,2,-7
samples/crf_08/noisy/eng/eng_25.wav,command,noisy,crf_08,25,-8
samples/crf_08/noisy/eng/eng_16.wav,command,noisy,crf_08,16,-8
samples/crf_08/noisy/eng/eng_18.wav,command,noisy,crf_08,18,-3
samples/crf_08/noisy/eng/eng_6.wav,command,noisy,crf_08,6,-6
samples/crf_08/noisy/eng/eng_3.wav,command,noisy,crf_08,3,-8
samples/crf_08/noisy/eng/eng_13.wav,command,noisy,crf_08,13,-8
samples/crf_08/noisy/eng/eng_28.wav,command,noisy,crf_08,28,0
samples/crf_08/noisy/eng/eng_5.wav,command,noisy,crf_08,5,-4
samples/crf_08/noisy/eng/eng_26.wav,command,noisy,crf_08,26,3
samples/crf_08/noisy/eng/eng_7.wav,command,noisy,crf_08,7,-6
samples/crf_08/noisy/eng/eng_11.wav,command,noisy,crf_08,11,1
samples/crf_08/noisy/eng/eng_30.wav,command,noisy,crf_08,30,-7
samples/crf_08/noisy/eng/eng_0.wav,command,noisy,crf_08,0,0
samples/crf_08/noisy/eng/eng_27.wav,command,noisy,crf_08,27,0
samples/crf_08/noisy/eng/eng_21.wav,command,noisy,crf_08,21,-2
samples/crf_08/noisy/eng/eng_19.wav,command,noisy,crf_08,19,-8
samples/crf_08/noisy/eng/eng_20.wav,command,noisy,crf_08,20,-12
samples/crf_08/noisy/eng/eng_24.wav,command,noisy,crf_08,24,-19
samples/crf_08/noisy/eng/eng_8.wav,command,noisy,crf_08,8,-8
samples/crf_08/noisy/eng/eng_10.wav,command,noisy,crf_08,10,-5
samples/crf_08/clean/eng/eng_17.wav,command,clean,crf_08,17,19
samples/crf_08/clean/eng/eng_29.wav,command,clean,crf_08,29,21
samples/crf_08/clean/eng/eng_1.wav,command,clean,crf_08,1,23
samples/crf_08/clean/eng/eng_14.wav,command,clean,crf_08,14,25
samples/crf_08/clean/eng/eng_15.wav,command,clean,crf_08,15,19
samples/crf_08/clean/eng/eng_22.wav,command,clean,crf_08,22,0
samples/crf_08/clean/eng/eng_9.wav,command,clean,crf_08,9,18
samples/crf_08/clean/eng/eng_4.wav,command,clean,crf_08,4,23
samples/crf_08/clean/eng/eng_12.wav,command,clean,crf_08,12,25
samples/crf_08/clean/eng/eng_23.wav,command,clean,crf_08,23,15
samples/crf_08/clean/eng/eng_2.wav,command,clean,crf_08,2,23
samples/crf_08/clean/eng/eng_25.wav,command,clean,crf_08,25,19
samples/crf_08/clean/eng/eng_16.wav,command,clean,crf_08,16,22
samples/crf_08/clean/eng/eng_18.wav,command,clean,crf_08,18,20
samples/crf_08/clean/eng/eng_6.wav,command,clean,crf_08,6,20
samples/crf_08/clean/eng/eng_3.wav,command,clean,crf_08,3,20
samples/crf_08/clean/eng/eng_13.wav,command,clean,crf_08,13,21
samples/crf_08/clean/eng/eng_28.wav,command,clean,crf_08,28,16
samples/crf_08/clean/eng/eng_5.wav,command,clean,crf_08,5,21
samples/crf_08/clean/eng/eng_26.wav,command,clean,crf_08,26,16
samples/crf_08/clean/eng/eng_7.wav,command,clean,crf_08,7,21
samples/crf_08/clean/eng/eng_11.wav,command,clean,crf_08,11,22
samples/crf_08/clean/eng/eng_30.wav,command,clean,crf_08,30,15
samples/crf_08/clean/eng/eng_0.wav,command,clean,crf_08,0,25
samples/crf_08/clean/eng/eng_27.wav,command,clean,crf_08,27,-1
samples/crf_08/clean/eng/eng_21.wav,command,clean,crf_08,21,23
samples/crf_08/clean/eng/eng_19.wav,command,clean,crf_08,19,18
samples/crf_08/clean/eng/eng_20.wav,command,clean,crf_08,20,19
samples/crf_08/clean/eng/eng_24.wav,command,clean,crf_08,24,0
samples/crf_08/clean/eng/eng_8.wav,command,clean,crf_08,8,21
samples/crf_08/clean/eng/eng_10.wav,command,clean,crf_08,10,28
samples/fr_6/noisy/eng/eng_17.wav,command,noisy,fr_6,17,1
samples/fr_6/noisy/eng/eng_29.wav,command,noisy,fr_6,29,-7
samples/fr_6/noisy/eng/eng_1.wav,command,noisy,fr_6,1,14
samples/fr_6/noisy/eng/eng_14.wav,command,noisy,fr_6,14,1
samples/fr_6/noisy/eng/eng_15.wav,command,noisy,fr_6,15,-8
samples/fr_6/noisy/eng/eng_22.wav,command,noisy,fr_6,22,-16
samples/fr_6/noisy/eng/eng_9.wav,command,noisy,fr_6,9,4
samples/fr_6/noisy/eng/eng_4.wav,command,noisy,fr_6,4,10
samples/fr_6/noisy/eng/eng_12.wav,command,noisy,fr_6,12,1
samples/fr_6/noisy/eng/eng_23.wav,command,noisy,fr_6,23,-3
samples/fr_6/noisy/eng/eng_2.wav,command,noisy,fr_6,2,2
samples/fr_6/noisy/eng/eng_25.wav,command,noisy,fr_6,25,5
samples/fr_6/noisy/eng/eng_16.wav,command,noisy,fr_6,16,2
samples/fr_6/noisy/eng/eng_18.wav,command,noisy,fr_6,18,5
samples/fr_6/noisy/eng/eng_6.wav,command,noisy,fr_6,6,5
samples/fr_6/noisy/eng/eng_3.wav,command,noisy,fr_6,3,2
samples/fr_6/noisy/eng/eng_13.wav,command,noisy,fr_6,13,-6
samples/fr_6/noisy/eng/eng_28.wav,command,noisy,fr_6,28,2
samples/fr_6/noisy/eng/eng_5.wav,command,noisy,fr_6,5,8
samples/fr_6/noisy/eng/eng_26.wav,command,noisy,fr_6,26,8
samples/fr_6/noisy/eng/eng_7.wav,command,noisy,fr_6,7,7
samples/fr_6/noisy/eng/eng_11.wav,command,noisy,fr_6,11,2
samples/fr_6/noisy/eng/eng_30.wav,command,noisy,fr_6,30,1
samples/fr_6/noisy/eng/eng_0.wav,command,noisy,fr_6,0,5
samples/fr_6/noisy/eng/eng_27.wav,command,noisy,fr_6,27,3
samples/fr_6/noisy/eng/eng_21.wav,command,noisy,fr_6,21,-5
samples/fr_6/noisy/eng/eng_19.wav,command,noisy,fr_6,19,8
samples/fr_6/noisy/eng/eng_20.wav,command,noisy,fr_6,20,-9
samples/fr_6/noisy/eng/eng_24.wav,command,noisy,fr_6,24,0
samples/fr_6/noisy/eng/eng_8.wav,command,noisy,fr_6,8,4
samples/fr_6/noisy/eng/eng_10.wav,command,noisy,fr_6,10,9
samples/fr_0/noisy/eng/eng_17.wav,command,noisy,fr_0,17,-4
samples/fr_0/noisy/eng/eng_29.wav,command,noisy,fr_0,29,2
samples/fr_0/noisy/eng/eng_1.wav,command,noisy,fr_0,1,-2
samples/fr_0/noisy/eng/eng_14.wav,command,noisy,fr_0,14,-5
samples/fr_0/noisy/eng/eng_15.wav,command,noisy,fr_0,15,-4
samples/fr_0/noisy/eng/eng_22.wav,command,noisy,fr_0,22,-13
samples/fr_0/noisy/eng/eng_9.wav,command,noisy,fr_0,9,-17
samples/fr_0/noisy/eng/eng_4.wav,command,noisy,fr_0,4,-1
samples/fr_0/noisy/eng/eng_12.wav,command,noisy,fr_0,12,0
samples/fr_0/noisy/eng/eng_23.wav,command,noisy,fr_0,23,-16
samples/fr_0/noisy/eng/eng_2.wav,command,noisy,fr_0,2,-2
samples/fr_0/noisy/eng/eng_25.wav,command,noisy,fr_0,25,-2
samples/fr_0/noisy/eng/eng_16.wav,command,noisy,fr_0,16,-1
samples/fr_0/noisy/eng/eng_18.wav,command,noisy,fr_0,18,5
samples/fr_0/noisy/eng/eng_6.wav,command,noisy,fr_0,6,-4
samples/fr_0/noisy/eng/eng_3.wav,command,noisy,fr_0,3,-14
samples/fr_0/noisy/eng/eng_13.wav,command,noisy,fr_0,13,-12
samples/fr_0/noisy/eng/eng_28.wav,command,noisy,fr_0,28,3
samples/fr_0/noisy/eng/eng_5.wav,command,noisy,fr_0,5,-5
samples/fr_0/noisy/eng/eng_26.wav,command,noisy,fr_0,26,-14
samples/fr_0/noisy/eng/eng_7.wav,command,noisy,fr_0,7,-1
samples/fr_0/noisy/eng/eng_11.wav,command,noisy,fr_0,11,-3
samples/fr_0/noisy/eng/eng_30.wav,command,noisy,fr_0,30,-13
samples/fr_0/noisy/eng/eng_0.wav,command,noisy,fr_0,0,-2
samples/fr_0/noisy/eng/eng_27.wav,command,noisy,fr_0,27,2
samples/fr_0/noisy/eng/eng_21.wav,command,noisy,fr_0,21,-12
samples/fr_0/noisy/eng/eng_19.wav,command,noisy,fr_0,19,1
samples/fr_0/noisy/eng/eng_20.wav,command,noisy,fr_0,20,-5
samples/fr_0/noisy/eng/eng_24.wav,command,noisy,fr_0,24,-6
samples/fr_0/noisy/eng/eng_8.wav,command,noisy,fr_0,8,1
samples/fr_0/noisy/eng/eng_10.wav,command,noisy,fr_0,10,2
samples/crf_01/noisy/eng/eng_robot_23.wav,command,noisy,crf_01,23,-9
samples/crf_01/noisy/eng/eng_robot_29.wav,command,noisy,crf_01,29,-1
samples/crf_01/noisy/eng/eng_robot_4.wav,command,noisy,crf_01,4,-3
samples/crf_01/noisy/eng/eng_robot_15.wav,command,noisy,crf_01,15,-2
samples/crf_01/noisy/eng/eng_robot_16.wav,command,noisy,crf_01,16,2
samples/crf_01/noisy/eng/eng_robot_20.wav,command,noisy,crf_01,20,-5
samples/crf_01/noisy/eng/eng_robot_12.wav,command,noisy,crf_01,12,0
samples/crf_01/noisy/eng/eng_robot_3.wav,command,noisy,crf_01,3,-6
samples/crf_01/noisy/eng/eng_robot_28.wav,command,noisy,crf_01,28,-3
samples/crf_01/noisy/eng/eng_robot_24.wav,command,noisy,crf_01,24,-11
samples/crf_01/noisy/eng/eng_robot_11.wav,command,noisy,crf_01,11,-6
samples/crf_01/noisy/eng/eng_robot_17.wav,command,noisy,crf_01,17,-1
samples/crf_01/noisy/eng/eng_robot_19.wav,command,noisy,crf_01,19,0
samples/crf_01/noisy/eng/eng_robot_26.wav,command,noisy,crf_01,26,-4
samples/crf_01/noisy/eng/eng_robot_7.wav,command,noisy,crf_01,7,-9
samples/crf_01/noisy/eng/eng_robot_2.wav,command,noisy,crf_01,2,-15
samples/crf_01/noisy/eng/eng_robot_25.wav,command,noisy,crf_01,25,-2
samples/crf_01/noisy/eng/eng_robot_21.wav,command,noisy,crf_01,21,-3
samples/crf_01/noisy/eng/eng_robot_27.wav,command,noisy,crf_01,27,-8
samples/crf_01/noisy/eng/eng_robot_0.wav,command,noisy,crf_01,0,-1
samples/crf_01/noisy/eng/eng_robot_18.wav,command,noisy,crf_01,18,0
samples/crf_01/noisy/eng/eng_robot_6.wav,command,noisy,crf_01,6,0
samples/crf_01/noisy/eng/eng_robot_30.wav,command,noisy,crf_01,30,-2
samples/crf_01/noisy/eng/eng_robot_1.wav,command,noisy,crf_01,1,-8
samples/crf_01/noisy/eng/eng_robot_13.wav,command,noisy,crf_01,13,-5
samples/crf_01/noisy/eng/eng_robot_5.wav,command,noisy,crf_01,5,-7
samples/crf_01/noisy/eng/eng_robot_22.wav,command,noisy,crf_01,22,-3
samples/crf_01/noisy/eng/eng_robot_10.wav,command,noisy,crf_01,10,-8
samples/crf_01/noisy/eng/eng_robot_8.wav,command,noisy,crf_01,8,-4
samples/crf_01/noisy/eng/eng_robot_9.wav,command,noisy,crf_01,9,-7
samples/crf_01/noisy/eng/eng_robot_14.wav,command,noisy,crf_01,14,4
samples/crf_01/clean/eng/eng_17.wav,command,clean,crf_01,17,15
samples/crf_01/clean/eng/eng_29.wav,command,clean,crf_01,29,15
samples/crf_01/clean/eng/eng_1.wav,command,clean,crf_01,1,15
samples/crf_01/clean/eng/eng_14.wav,command,clean,crf_01,14,18
samples/crf_01/clean/eng/eng_15.wav,command,clean,crf_01,15,12
samples/crf_01/clean/eng/eng_22.wav,command,clean,crf_01,22,0
samples/crf_01/clean/eng/eng_9.wav,command,clean,crf_01,9,17
samples/crf_01/clean/eng/eng_4.wav,command,clean,crf_01,4,18
samples/crf_01/clean/eng/eng_12.wav,command,clean,crf_01,12,19
samples/crf_01/clean/eng/eng_23.wav,command,clean,crf_01,23,7
samples/crf_01/clean/eng/eng_2.wav,command,clean,crf_01,2,15
samples/crf_01/clean/eng/eng_25.wav,command,clean,crf_01,25,16
samples/crf_01/clean/eng/eng_16.wav,command,clean,crf_01,16,15
samples/crf_01/clean/eng/eng_18.wav,command,clean,crf_01,18,19
samples/crf_01/clean/eng/eng_6.wav,command,clean,crf_01,6,23
samples/crf_01/clean/eng/eng_3.wav,command,clean,crf_01,3,16
samples/crf_01/clean/eng/eng_13.wav,command,clean,crf_01,13,14
samples/crf_01/clean/eng/eng_28.wav,command,clean,crf_01,28,16
samples/crf_01/clean/eng/eng_5.wav,command,clean,crf_01,5,17
samples/crf_01/clean/eng/eng_26.wav,command,clean,crf_01,26,13
samples/crf_01/clean/eng/eng_7.wav,command,clean,crf_01,7,17
samples/crf_01/clean/eng/eng_11.wav,command,clean,crf_01,11,13
samples/crf_01/clean/eng/eng_30.wav,command,clean,crf_01,30,11
samples/crf_01/clean/eng/eng_0.wav,command,clean,crf_01,0,17
samples/crf_01/clean/eng/eng_27.wav,command,clean,crf_01,27,-5
samples/crf_01/clean/eng/eng_21.wav,command,clean,crf_01,21,15
samples/crf_01/clean/eng/eng_19.wav,command,clean,crf_01,19,20
samples/crf_01/clean/eng/eng_20.wav,command,clean,crf_01,20,15
samples/crf_01/clean/eng/eng_24.wav,command,clean,crf_01,24,1
samples/crf_01/clean/eng/eng_8.wav,command,clean,crf_01,8,20
samples/crf_01/clean/eng/eng_10.wav,command,clean,crf_01,10,17
samples/fr_8/noisy/eng/eng_17.wav,command,noisy,fr_8,17,-1
samples/fr_8/noisy/eng/eng_29.wav,command,noisy,fr_8,29,0
samples/fr_8/noisy/eng/eng_1.wav,command,noisy,fr_8,1,2
samples/fr_8/noisy/eng/eng_14.wav,command,noisy,fr_8,14,-1
samples/fr_8/noisy/eng/eng_15.wav,command,noisy,fr_8,15,-13
samples/fr_8/noisy/eng/eng_22.wav,command,noisy,fr_8,22,-13
samples/fr_8/noisy/eng/eng_9.wav,command,noisy,fr_8,9,2
samples/fr_8/noisy/eng/eng_4.wav,command,noisy,fr_8,4,11
samples/fr_8/noisy/eng/eng_12.wav,command,noisy,fr_8,12,2
samples/fr_8/noisy/eng/eng_23.wav,command,noisy,fr_8,23,-14
samples/fr_8/noisy/eng/eng_2.wav,command,noisy,fr_8,2,0
samples/fr_8/noisy/eng/eng_25.wav,command,noisy,fr_8,25,0
samples/fr_8/noisy/eng/eng_16.wav,command,noisy,fr_8,16,1
samples/fr_8/noisy/eng/eng_18.wav,command,noisy,fr_8,18,2
samples/fr_8/noisy/eng/eng_6.wav,command,noisy,fr_8,6,0
samples/fr_8/noisy/eng/eng_3.wav,command,noisy,fr_8,3,2
samples/fr_8/noisy/eng/eng_13.wav,command,noisy,fr_8,13,-6
samples/fr_8/noisy/eng/eng_28.wav,command,noisy,fr_8,28,9
samples/fr_8/noisy/eng/eng_5.wav,command,noisy,fr_8,5,13
samples/fr_8/noisy/eng/eng_26.wav,command,noisy,fr_8,26,-4
samples/fr_8/noisy/eng/eng_7.wav,command,noisy,fr_8,7,4
samples/fr_8/noisy/eng/eng_11.wav,command,noisy,fr_8,11,-5
samples/fr_8/noisy/eng/eng_30.wav,command,noisy,fr_8,30,1
samples/fr_8/noisy/eng/eng_0.wav,command,noisy,fr_8,0,3
samples/fr_8/noisy/eng/eng_27.wav,command,noisy,fr_8,27,0
samples/fr_8/noisy/eng/eng_21.wav,command,noisy,fr_8,21,1
samples/fr_8/noisy/eng/eng_19.wav,command,noisy,fr_8,19,8
samples/fr_8/noisy/eng/eng_20.wav,command,noisy,fr_8,20,-3
samples/fr_8/noisy/eng/eng_24.wav,command,noisy,fr_8,24,-11
samples/fr_8/noisy/eng/eng_8.wav,command,noisy,fr_8,8,4
samples/fr_8/noisy/eng/eng_10.wav,command,noisy,fr_8,10,0
samples/crf_04/noisy/eng/eng_17.wav,command,noisy,crf_04,17,-4
samples/crf_04/noisy/eng/eng_29.wav,command,noisy,crf_04,29,0
samples/crf_04/noisy/eng/eng_1.wav,command,noisy,crf_04,1,-14
samples/crf_04/noisy/eng/eng_14.wav,command,noisy,crf_04,14,1
samples/crf_04/noisy/eng/eng_15.wav,command,noisy,crf_04,15,-14
samples/crf_04/noisy/eng/eng_22.wav,command,noisy,crf_04,22,-9
samples/crf_04/noisy/eng/eng_9.wav,command,noisy,crf_04,9,-9
samples/crf_04/noisy/eng/eng_4.wav,command,noisy,crf_04,4,-3
samples/crf_04/noisy/eng/eng_12.wav,command,noisy,crf_04,12,-6
samples/crf_04/noisy/eng/eng_23.wav,command,noisy,crf_04,23,-8
samples/crf_04/noisy/eng/eng_2.wav,command,noisy,crf_04,2,-5
samples/crf_04/noisy/eng/eng_25.wav,command,noisy,crf_04,25,5
samples/crf_04/noisy/eng/eng_16.wav,command,noisy,crf_04,16,-1
samples/crf_04/noisy/eng/eng_18.wav,command,noisy,crf_04,18,-7
samples/crf_04/noisy/eng/eng_6.wav,command,noisy,crf_04,6,1
samples/crf_04/noisy/eng/eng_3.wav,command,noisy,crf_04,3,0
samples/crf_04/noisy/eng/eng_13.wav,command,noisy,crf_04,13,-12
samples/crf_04/noisy/eng/eng_28.wav,command,noisy,crf_04,28,-1
samples/crf_04/noisy/eng/eng_5.wav,command,noisy,crf_04,5,-1
samples/crf_04/noisy/eng/eng_26.wav,command,noisy,crf_04,26,-5
samples/crf_04/noisy/eng/eng_7.wav,command,noisy,crf_04,7,-7
samples/crf_04/noisy/eng/eng_11.wav,command,noisy,crf_04,11,0
samples/crf_04/noisy/eng/eng_30.wav,command,noisy,crf_04,30,-17
samples/crf_04/noisy/eng/eng_0.wav,command,noisy,crf_04,0,0
samples/crf_04/noisy/eng/eng_27.wav,command,noisy,crf_04,27,4
samples/crf_04/noisy/eng/eng_21.wav,command,noisy,crf_04,21,-6
samples/crf_04/noisy/eng/eng_19.wav,command,noisy,crf_04,19,-1
samples/crf_04/noisy/eng/eng_20.wav,command,noisy,crf_04,20,5
samples/crf_04/noisy/eng/eng_24.wav,command,noisy,crf_04,24,-10
samples/crf_04/noisy/eng/eng_8.wav,command,noisy,crf_04,8,-3
samples/crf_04/noisy/eng/eng_10.wav,command,noisy,crf_04,10,2
samples/crf_04/clean/eng/eng_17.wav,command,clean,crf_04,17,4
samples/crf_04/clean/eng/eng_29.wav,command,clean,crf_04,29,21
samples/crf_04/clean/eng/eng_1.wav,command,clean,crf_04,1,17
samples/crf_04/clean/eng/eng_14.wav,command,clean,crf_04,14,24
samples/crf_04/clean/eng/eng_15.wav,command,clean,crf_04,15,13
samples/crf_04/clean/eng/eng_22.wav,command,clean,crf_04,22,-3
samples/crf_04/clean/eng/eng_9.wav,command,clean,crf_04,9,12
samples/crf_04/clean/eng/eng_4.wav,command,clean,crf_04,4,15
samples/crf_04/clean/eng/eng_12.wav,command,clean,crf_04,12,15
samples/crf_04/clean/eng/eng_23.wav,command,clean,crf_04,23,3
samples/crf_04/clean/eng/eng_2.wav,command,clean,crf_04,2,20
samples/crf_04/clean/eng/eng_25.wav,command,clean,crf_04,25,17
samples/crf_04/clean/eng/eng_16.wav,command,clean,crf_04,16,20
samples/crf_04/clean/eng/eng_18.wav,command,clean,crf_04,18,21
samples/crf_04/clean/eng/eng_6.wav,command,clean,crf_04,6,18
samples/crf_04/clean/eng/eng_3.wav,command,clean,crf_04,3,16
samples/crf_04/clean/eng/eng_13.wav,command,clean,crf_04,13,7
samples/crf_04/clean/eng/eng_28.wav,command,clean,crf_04,28,13
samples/crf_04/clean/eng/eng_5.wav,command,clean,crf_04,5,8
samples/crf_04/clean/eng/eng_26.wav,command,clean,crf_04,26,14
samples/crf_04/clean/eng/eng_7.wav,command,clean,crf_04,7,10
samples/crf_04/clean/eng/eng_11.wav,command,clean,crf_04,11,13
samples/crf_04/clean/eng/eng_30.wav,command,clean,crf_04,30,4
samples/crf_04/clean/eng/eng_0.wav,command,clean,crf_04,0,20
samples/crf_04/clean/eng/eng_27.wav,command,clean,crf_04,27,17
samples/crf_04/clean/eng/eng_21.wav,command,clean,crf_04,21,16
samples/crf_04/clean/eng/eng_19.wav,command,clean,crf_04,19,15
samples/crf_04/clean/eng/eng_20.wav,command,clean,crf_04,20,16
samples/crf_04/clean/eng/eng_24.wav,command,clean,crf_04,24,0
samples/crf_04/clean/eng/eng_8.wav,command,clean,crf_04,8,16
samples/crf_04/clean/eng/eng_10.wav,command,clean,crf_04,10,18
samples/fr_2/noisy/eng/eng_17.wav,command,noisy,fr_2,17,5
samples/fr_2/noisy/eng/eng_29.wav,command,noisy,fr_2,29,8
samples/fr_2/noisy/eng/eng_1.wav,command,noisy,fr_2,1,7
samples/fr_2/noisy/eng/eng_14.wav,command,noisy,fr_2,14,6
samples/fr_2/noisy/eng/eng_15.wav,command,noisy,fr_2,15,7
samples/fr_2/noisy/eng/eng_22.wav,command,noisy,fr_2,22,4
samples/fr_2/noisy/eng/eng_9.wav,command,noisy,fr_2,9,9
samples/fr_2/noisy/eng/eng_4.wav,command,noisy,fr_2,4,6
samples/fr_2/noisy/eng/eng_12.wav,command,noisy,fr_2,12,8
samples/fr_2/noisy/eng/eng_23.wav,command,noisy,fr_2,23,-1
samples/fr_2/noisy/eng/eng_2.wav,command,noisy,fr_2,2,0
samples/fr_2/noisy/eng/eng_25.wav,command,noisy,fr_2,25,4
samples/fr_2/noisy/eng/eng_16.wav,command,noisy,fr_2,16,8
samples/fr_2/noisy/eng/eng_18.wav,command,noisy,fr_2,18,10
samples/fr_2/noisy/eng/eng_6.wav,command,noisy,fr_2,6,9
samples/fr_2/noisy/eng/eng_3.wav,command,noisy,fr_2,3,2
samples/fr_2/noisy/eng/eng_13.wav,command,noisy,fr_2,13,4
samples/fr_2/noisy/eng/eng_28.wav,command,noisy,fr_2,28,8
samples/fr_2/noisy/eng/eng_5.wav,command,noisy,fr_2,5,2
samples/fr_2/noisy/eng/eng_26.wav,command,noisy,fr_2,26,0
samples/fr_2/noisy/eng/eng_7.wav,command,noisy,fr_2,7,1
samples/fr_2/noisy/eng/eng_11.wav,command,noisy,fr_2,11,6
samples/fr_2/noisy/eng/eng_30.wav,command,noisy,fr_2,30,7
samples/fr_2/noisy/eng/eng_0.wav,command,noisy,fr_2,0,6
samples/fr_2/noisy/eng/eng_27.wav,command,noisy,fr_2,27,-3
samples/fr_2/noisy/eng/eng_21.wav,command,noisy,fr_2,21,5
samples/fr_2/noisy/eng/eng_19.wav,command,noisy,fr_2,19,11
samples/fr_2/noisy/eng/eng_20.wav,command,noisy,fr_2,20,6
samples/fr_2/noisy/eng/eng_24.wav,command,noisy,fr_2,24,-6
samples/fr_2/noisy/eng/eng_8.wav,command,noisy,fr_2,8,7
samples/fr_2/noisy/eng/eng_10.wav,command,noisy,fr_2,10,8
samples/crf_09/noisy/eng/eng_17.wav,command,noisy,crf_09,17,-7
samples/crf_09/noisy/eng/eng_29.wav,command,noisy,crf_09,29,-1
samples/crf_09/noisy/eng/eng_1.wav,command,noisy,crf_09,1,1
samples/crf_09/noisy/eng/eng_14.wav,command,noisy,crf_09,14,4
samples/crf_09/noisy/eng/eng_15.wav,command,noisy,crf_09,15,2
samples/crf_09/noisy/eng/eng_22.wav,command,noisy,crf_09,22,-10
samples/crf_09/noisy/eng/eng_9.wav,command,noisy,crf_09,9,0
samples/crf_09/noisy/eng/eng_4.wav,command,noisy,crf_09,4,6
samples/crf_09/noisy/eng/eng_12.wav,command,noisy,crf_09,12,-3
samples/crf_09/noisy/eng/eng_23.wav,command,noisy,crf_09,23,-10
samples/crf_09/noisy/eng/eng_2.wav,command,noisy,crf_09,2,6
samples/crf_09/noisy/eng/eng_25.wav,command,noisy,crf_09,25,4
samples/crf_09/noisy/eng/eng_16.wav,command,noisy,crf_09,16,2
samples/crf_09/noisy/eng/eng_18.wav,command,noisy,crf_09,18,-2
samples/crf_09/noisy/eng/eng_6.wav,command,noisy,crf_09,6,5
samples/crf_09/noisy/eng/eng_3.wav,command,noisy,crf_09,3,-4
samples/crf_09/noisy/eng/eng_13.wav,command,noisy,crf_09,13,-17
samples/crf_09/noisy/eng/eng_28.wav,command,noisy,crf_09,28,-2
samples/crf_09/noisy/eng/eng_5.wav,command,noisy,crf_09,5,4
samples/crf_09/noisy/eng/eng_26.wav,command,noisy,crf_09,26,-1
samples/crf_09/noisy/eng/eng_7.wav,command,noisy,crf_09,7,0
samples/crf_09/noisy/eng/eng_11.wav,command,noisy,crf_09,11,-4
samples/crf_09/noisy/eng/eng_30.wav,command,noisy,crf_09,30,2
samples/crf_09/noisy/eng/eng_0.wav,command,noisy,crf_09,0,0
samples/crf_09/noisy/eng/eng_27.wav,command,noisy,crf_09,27,-1
samples/crf_09/noisy/eng/eng_21.wav,command,noisy,crf_09,21,-6
samples/crf_09/noisy/eng/eng_19.wav,command,noisy,crf_09,19,1
samples/crf_09/noisy/eng/eng_20.wav,command,noisy,crf_09,20,0
samples/crf_09/noisy/eng/eng_24.wav,command,noisy,crf_09,24,-4
samples/crf_09/noisy/eng/eng_8.wav,command,noisy,crf_09,8,4
samples/crf_09/noisy/eng/eng_10.wav,command,noisy,crf_09,10,1
samples/crf_09/clean/eng/eng_17.wav,command,clean,crf_09,17,10
samples/crf_09/clean/eng/eng_29.wav,command,clean,crf_09,29,17
samples/crf_09/clean/eng/eng_1.wav,command,clean,crf_09,1,15
samples/crf_09/clean/eng/eng_14.wav,command,clean,crf_09,14,19
samples/crf_09/clean/eng/eng_15.wav,command,clean,crf_09,15,13
samples/crf_09/clean/eng/eng_22.wav,command,clean,crf_09,22,-3
samples/crf_09/clean/eng/eng_9.wav,command,clean,crf_09,9,16
samples/crf_09/clean/eng/eng_4.wav,command,clean,crf_09,4,14
samples/crf_09/clean/eng/eng_12.wav,command,clean,crf_09,12,16
samples/crf_09/clean/eng/eng_23.wav,command,clean,crf_09,23,10
samples/crf_09/clean/eng/eng_2.wav,command,clean,crf_09,2,15
samples/crf_09/clean/eng/eng_25.wav,command,clean,crf_09,25,14
samples/crf_09/clean/eng/eng_16.wav,command,clean,crf_09,16,14
samples/crf_09/clean/eng/eng_18.wav,command,clean,crf_09,18,19
samples/crf_09/clean/eng/eng_6.wav,command,clean,crf_09,6,14
samples/crf_09/clean/eng/eng_3.wav,command,clean,crf_09,3,13
samples/crf_09/clean/eng/eng_13.wav,command,clean,crf_09,13,16
samples/crf_09/clean/eng/eng_28.wav,command,clean,crf_09,28,14
samples/crf_09/clean/eng/eng_5.wav,command,clean,crf_09,5,14
samples/crf_09/clean/eng/eng_26.wav,command,clean,crf_09,26,13
samples/crf_09/clean/eng/eng_7.wav,command,clean,crf_09,7,17
samples/crf_09/clean/eng/eng_11.wav,command,clean,crf_09,11,12
samples/crf_09/clean/eng/eng_30.wav,command,clean,crf_09,30,7
samples/crf_09/clean/eng/eng_0.wav,command,clean,crf_09,0,18
samples/crf_09/clean/eng/eng_27.wav,command,clean,crf_09,27,-4
samples/crf_09/clean/eng/eng_21.wav,command,clean,crf_09,21,12
samples/crf_09/clean/eng/eng_19.wav,command,clean,crf_09,19,17
samples/crf_09/clean/eng/eng_20.wav,command,clean,crf_09,20,12
samples/crf_09/clean/eng/eng_24.wav,command,clean,crf_09,24,11
samples/crf_09/clean/eng/eng_8.wav,command,clean,crf_09,8,14
samples/crf_09/clean/eng/eng_10.wav,command,clean,crf_09,10,12
samples/fr_7/noisy/eng/eng_17.wav,command,noisy,fr_7,17,5
samples/fr_7/noisy/eng/eng_29.wav,command,noisy,fr_7,29,8
samples/fr_7/noisy/eng/eng_1.wav,command,noisy,fr_7,1,11
samples/fr_7/noisy/eng/eng_14.wav,command,noisy,fr_7,14,-7
samples/fr_7/noisy/eng/eng_15.wav,command,noisy,fr_7,15,2
samples/fr_7/noisy/eng/eng_22.wav,command,noisy,fr_7,22,-8
samples/fr_7/noisy/eng/eng_9.wav,command,noisy,fr_7,9,9
samples/fr_7/noisy/eng/eng_4.wav,command,noisy,fr_7,4,1
samples/fr_7/noisy/eng/eng_12.wav,command,noisy,fr_7,12,5
samples/fr_7/noisy/eng/eng_23.wav,command,noisy,fr_7,23,-7
samples/fr_7/noisy/eng/eng_2.wav,command,noisy,fr_7,2,7
samples/fr_7/noisy/eng/eng_25.wav,command,noisy,fr_7,25,-7
samples/fr_7/noisy/eng/eng_16.wav,command,noisy,fr_7,16,5
samples/fr_7/noisy/eng/eng_18.wav,command,noisy,fr_7,18,-4
samples/fr_7/noisy/eng/eng_6.wav,command,noisy,fr_7,6,7
samples/fr_7/noisy/eng/eng_3.wav,command,noisy,fr_7,3,8
samples/fr_7/noisy/eng/eng_13.wav,command,noisy,fr_7,13,-1
samples/fr_7/noisy/eng/eng_28.wav,command,noisy,fr_7,28,7
samples/fr_7/noisy/eng/eng_5.wav,command,noisy,fr_7,5,6
samples/fr_7/noisy/eng/eng_26.wav,command,noisy,fr_7,26,3
samples/fr_7/noisy/eng/eng_7.wav,command,noisy,fr_7,7,4
samples/fr_7/noisy/eng/eng_11.wav,command,noisy,fr_7,11,6
samples/fr_7/noisy/eng/eng_30.wav,command,noisy,fr_7,30,-3
samples/fr_7/noisy/eng/eng_0.wav,command,noisy,fr_7,0,12
samples/fr_7/noisy/eng/eng_27.wav,command,noisy,fr_7,27,-1
samples/fr_7/noisy/eng/eng_21.wav,command,noisy,fr_7,21,0
samples/fr_7/noisy/eng/eng_19.wav,command,noisy,fr_7,19,3
samples/fr_7/noisy/eng/eng_20.wav,command,noisy,fr_7,20,5
samples/fr_7/noisy/eng/eng_24.wav,command,noisy,fr_7,24,-9
samples/fr_7/noisy/eng/eng_8.wav,command,noisy,fr_7,8,7
samples/fr_7/noisy/eng/eng_10.wav,command,noisy,fr_7,10,5
samples/crf_00/clean/eng/eng_17.wav,command,clean,crf_00,17,9
samples/crf_00/clean/eng/eng_29.wav,command,clean,crf_00,29,11
samples/crf_00/clean/eng/eng_1.wav,command,clean,crf_00,1,10
samples/crf_00/clean/eng/eng_14.wav,command,clean,crf_00,14,15
samples/crf_00/clean/eng/eng_15.wav,command,clean,crf_00,15,11
samples/crf_00/clean/eng/eng_22.wav,command,clean,crf_00,22,-4
samples/crf_00/clean/eng/eng_9.wav,command,clean,crf_00,9,9
samples/crf_00/clean/eng/eng_4.wav,command,clean,crf_00,4,8
samples/crf_00/clean/eng/eng_12.wav,command,clean,crf_00,12,11
samples/crf_00/clean/eng/eng_23.wav,command,clean,crf_00,23,9
samples/crf_00/clean/eng/eng_2.wav,command,clean,crf_00,2,7
samples/crf_00/clean/eng/eng_25.wav,command,clean,crf_00,25,12
samples/crf_00/clean/eng/eng_16.wav,command,clean,crf_00,16,10
samples/crf_00/clean/eng/eng_18.wav,command,clean,crf_00,18,12
samples/crf_00/clean/eng/eng_6.wav,command,clean,crf_00,6,11
samples/crf_00/clean/eng/eng_3.wav,command,clean,crf_00,3,9
samples/crf_00/clean/eng/eng_13.wav,command,clean,crf_00,13,8
samples/crf_00/clean/eng/eng_28.wav,command,clean,crf_00,28,11
samples/crf_00/clean/eng/eng_5.wav,command,clean,crf_00,5,7
samples/crf_00/clean/eng/eng_26.wav,command,clean,crf_00,26,7
samples/crf_00/clean/eng/eng_7.wav,command,clean,crf_00,7,10
samples/crf_00/clean/eng/eng_11.wav,command,clean,crf_00,11,8
samples/crf_00/clean/eng/eng_30.wav,command,clean,crf_00,30,7
samples/crf_00/clean/eng/eng_0.wav,command,clean,crf_00,0,11
samples/crf_00/clean/eng/eng_27.wav,command,clean,crf_00,27,-2
samples/crf_00/clean/eng/eng_21.wav,command,clean,crf_00,21,15
samples/crf_00/clean/eng/eng_19.wav,command,clean,crf_00,19,11
samples/crf_00/clean/eng/eng_20.wav,command,clean,crf_00,20,7
samples/crf_00/clean/eng/eng_24.wav,command,clean,crf_00,24,7
samples/crf_00/clean/eng/eng_8.wav,command,clean,crf_00,8,10
samples/crf_00/clean/eng/eng_10.wav,command,clean,crf_00,10,13
samples/crf_10/noisy/eng/eng_17.wav,command,noisy,crf_10,17,3
samples/crf_10/noisy/eng/eng_29.wav,command,noisy,crf_10,29,4
samples/crf_10/noisy/eng/eng_1.wav,command,noisy,crf_10,1,-4
samples/crf_10/noisy/eng/eng_14.wav,command,noisy,crf_10,14,5
samples/crf_10/noisy/eng/eng_15.wav,command,noisy,crf_10,15,0
samples/crf_10/noisy/eng/eng_22.wav,command,noisy,crf_10,22,2
samples/crf_10/noisy/eng/eng_9.wav,command,noisy,crf_10,9,5
samples/crf_10/noisy/eng/eng_4.wav,command,noisy,crf_10,4,-12
samples/crf_10/noisy/eng/eng_12.wav,command,noisy,crf_10,12,1
samples/crf_10/noisy/eng/eng_23.wav,command,noisy,crf_10,23,4
samples/crf_10/noisy/eng/eng_2.wav,command,noisy,crf_10,2,-3
samples/crf_10/noisy/eng/eng_25.wav,command,noisy,crf_10,25,8
samples/crf_10/noisy/eng/eng_16.wav,command,noisy,crf_10,16,0
samples/crf_10/noisy/eng/eng_18.wav,command,noisy,crf_10,18,-2
samples/crf_10/noisy/eng/eng_6.wav,command,noisy,crf_10,6,-5
samples/crf_10/noisy/eng/eng_3.wav,command,noisy,crf_10,3,-7
samples/crf_10/noisy/eng/eng_13.wav,command,noisy,crf_10,13,-7
samples/crf_10/noisy/eng/eng_28.wav,command,noisy,crf_10,28,12
samples/crf_10/noisy/eng/eng_5.wav,command,noisy,crf_10,5,-3
samples/crf_10/noisy/eng/eng_26.wav,command,noisy,crf_10,26,3
samples/crf_10/noisy/eng/eng_7.wav,command,noisy,crf_10,7,4
samples/crf_10/noisy/eng/eng_11.wav,command,noisy,crf_10,11,-8
samples/crf_10/noisy/eng/eng_30.wav,command,noisy,crf_10,30,7
samples/crf_10/noisy/eng/eng_0.wav,command,noisy,crf_10,0,-3
samples/crf_10/noisy/eng/eng_27.wav,command,noisy,crf_10,27,11
samples/crf_10/noisy/eng/eng_21.wav,command,noisy,crf_10,21,-3
samples/crf_10/noisy/eng/eng_19.wav,command,noisy,crf_10,19,2
samples/crf_10/noisy/eng/eng_20.wav,command,noisy,crf_10,20,-6
samples/crf_10/noisy/eng/eng_24.wav,command,noisy,crf_10,24,-8
samples/crf_10/noisy/eng/eng_8.wav,command,noisy,crf_10,8,1
samples/crf_10/noisy/eng/eng_10.wav,command,noisy,crf_10,10,-5
samples/crf_10/clean/eng/eng_17.wav,command,clean,crf_10,17,18
samples/crf_10/clean/eng/eng_29.wav,command,clean,crf_10,29,19
samples/crf_10/clean/eng/eng_1.wav,command,clean,crf_10,1,22
samples/crf_10/clean/eng/eng_14.wav,command,clean,crf_10,14,18
samples/crf_10/clean/eng/eng_15.wav,command,clean,crf_10,15,17
samples/crf_10/clean/eng/eng_22.wav,command,clean,crf_10,22,-3
samples/crf_10/clean/eng/eng_9.wav,command,clean,crf_10,9,21
samples/crf_10/clean/eng/eng_4.wav,command,clean,crf_10,4,19
samples/crf_10/clean/eng/eng_12.wav,command,clean,crf_10,12,20
samples/crf_10/clean/eng/eng_23.wav,command,clean,crf_10,23,-3
samples/crf_10/clean/eng/eng_2.wav,command,clean,crf_10,2,17
samples/crf_10/clean/eng/eng_25.wav,command,clean,crf_10,25,21
samples/crf_10/clean/eng/eng_16.wav,command,clean,crf_10,16,20
samples/crf_10/clean/eng/eng_18.wav,command,clean,crf_10,18,21
samples/crf_10/clean/eng/eng_6.wav,command,clean,crf_10,6,20
samples/crf_10/clean/eng/eng_3.wav,command,clean,crf_10,3,19
samples/crf_10/clean/eng/eng_13.wav,command,clean,crf_10,13,17
samples/crf_10/clean/eng/eng_28.wav,command,clean,crf_10,28,17
samples/crf_10/clean/eng/eng_5.wav,command,clean,crf_10,5,22
samples/crf_10/clean/eng/eng_26.wav,command,clean,crf_10,26,19
samples/crf_10/clean/eng/eng_7.wav,command,clean,crf_10,7,19
samples/crf_10/clean/eng/eng_11.wav,command,clean,crf_10,11,18
samples/crf_10/clean/eng/eng_30.wav,command,clean,crf_10,30,21
samples/crf_10/clean/eng/eng_0.wav,command,clean,crf_10,0,25
samples/crf_10/clean/eng/eng_27.wav,command,clean,crf_10,27,20
samples/crf_10/clean/eng/eng_21.wav,command,clean,crf_10,21,16
samples/crf_10/clean/eng/eng_19.wav,command,clean,crf_10,19,21
samples/crf_10/clean/eng/eng_20.wav,command,clean,crf_10,20,13
samples/crf_10/clean/eng/eng_24.wav,command,clean,crf_10,24,-4
samples/crf_10/clean/eng/eng_8.wav,command,clean,crf_10,8,20
samples/crf_10/clean/eng/eng_10.wav,command,clean,crf_10,10,24
samples/crf_05/noisy/eng/eng_17.wav,command,noisy,crf_05,17,-6
samples/crf_05/noisy/eng/eng_29.wav,command,noisy,crf_05,29,-7
samples/crf_05/noisy/eng/eng_1.wav,command,noisy,crf_05,1,-6
samples/crf_05/noisy/eng/eng_14.wav,command,noisy,crf_05,14,-19
samples/crf_05/noisy/eng/eng_15.wav,command,noisy,crf_05,15,-2
samples/crf_05/noisy/eng/eng_22.wav,command,noisy,crf_05,22,0
samples/crf_05/noisy/eng/eng_9.wav,command,noisy,crf_05,9,-4
samples/crf_05/noisy/eng/eng_4.wav,command,noisy,crf_05,4,-1
samples/crf_05/noisy/eng/eng_12.wav,command,noisy,crf_05,12,1
samples/crf_05/noisy/eng/eng_23.wav,command,noisy,crf_05,23,3
samples/crf_05/noisy/eng/eng_2.wav,command,noisy,crf_05,2,6
samples/crf_05/noisy/eng/eng_25.wav,command,noisy,crf_05,25,8
samples/crf_05/noisy/eng/eng_16.wav,command,noisy,crf_05,16,-1
samples/crf_05/noisy/eng/eng_18.wav,command,noisy,crf_05,18,4
samples/crf_05/noisy/eng/eng_6.wav,command,noisy,crf_05,6,1
samples/crf_05/noisy/eng/eng_3.wav,command,noisy,crf_05,3,-1
samples/crf_05/noisy/eng/eng_13.wav,command,noisy,crf_05,13,-8
samples/crf_05/noisy/eng/eng_28.wav,command,noisy,crf_05,28,2
samples/crf_05/noisy/eng/eng_5.wav,command,noisy,crf_05,5,-1
samples/crf_05/noisy/eng/eng_26.wav,command,noisy,crf_05,26,2
samples/crf_05/noisy/eng/eng_7.wav,command,noisy,crf_05,7,0
samples/crf_05/noisy/eng/eng_11.wav,command,noisy,crf_05,11,-13
samples/crf_05/noisy/eng/eng_30.wav,command,noisy,crf_05,30,-7
samples/crf_05/noisy/eng/eng_0.wav,command,noisy,crf_05,0,2
samples/crf_05/noisy/eng/eng_27.wav,command,noisy,crf_05,27,-9
samples/crf_05/noisy/eng/eng_21.wav,command,noisy,crf_05,21,-6
samples/crf_05/noisy/eng/eng_19.wav,command,noisy,crf_05,19,1
samples/crf_05/noisy/eng/eng_20.wav,command,noisy,crf_05,20,-11
samples/crf_05/noisy/eng/eng_24.wav,command,noisy,crf_05,24,-15
samples/crf_05/noisy/eng/eng_8.wav,command,noisy,crf_05,8,-10
samples/crf_05/noisy/eng/eng_10.wav,command,noisy,crf_05,10,-14
samples/crf_05/clean/eng/eng_17.wav,command,clean,crf_05,17,18
samples/crf_05/clean/eng/eng_29.wav,command,clean,crf_05,29,22
samples/crf_05/clean/eng/eng_1.wav,command,clean,crf_05,1,8
samples/crf_05/clean/eng/eng_14.wav,command,clean,crf_05,14,19
samples/crf_05/clean/eng/eng_15.wav,command,clean,crf_05,15,16
samples/crf_05/clean/eng/eng_22.wav,command,clean,crf_05,22,11
samples/crf_05/clean/eng/eng_9.wav,command,clean,crf_05,9,18
samples/crf_05/clean/eng/eng_4.wav,command,clean,crf_05,4,22
samples/crf_05/clean/eng/eng_12.wav,command,clean,crf_05,12,21
samples/crf_05/clean/eng/eng_23.wav,command,clean,crf_05,23,10
samples/crf_05/clean/eng/eng_2.wav,command,clean,crf_05,2,19
samples/crf_05/clean/eng/eng_25.wav,command,clean,crf_05,25,14
samples/crf_05/clean/eng/eng_16.wav,command,clean,crf_05,16,20
samples/crf_05/clean/eng/eng_18.wav,command,clean,crf_05,18,14
samples/crf_05/clean/eng/eng_6.wav,command,clean,crf_05,6,14
samples/crf_05/clean/eng/eng_3.wav,command,clean,crf_05,3,12
samples/crf_05/clean/eng/eng_13.wav,command,clean,crf_05,13,14
samples/crf_05/clean/eng/eng_28.wav,command,clean,crf_05,28,10
samples/crf_05/clean/eng/eng_5.wav,command,clean,crf_05,5,16
samples/crf_05/clean/eng/eng_26.wav,command,clean,crf_05,26,16
samples/crf_05/clean/eng/eng_7.wav,command,clean,crf_05,7,13
samples/crf_05/clean/eng/eng_11.wav,command,clean,crf_05,11,14
samples/crf_05/clean/eng/eng_30.wav,command,clean,crf_05,30,13
samples/crf_05/clean/eng/eng_0.wav,command,clean,crf_05,0,15
samples/crf_05/clean/eng/eng_27.wav,command,clean,crf_05,27,13
samples/crf_05/clean/eng/eng_21.wav,command,clean,crf_05,21,14
samples/crf_05/clean/eng/eng_19.wav,command,clean,crf_05,19,13
samples/crf_05/clean/eng/eng_20.wav,command,clean,crf_05,20,18
samples/crf_05/clean/eng/eng_24.wav,command,clean,crf_05,24,0
samples/crf_05/clean/eng/eng_8.wav,command,clean,crf_05,8,19
samples/crf_05/clean/eng/eng_10.wav,command,clean,crf_05,10,23
samples/crf_12/noisy/eng/eng_17.wav,command,noisy,crf_12,17,0
samples/crf_12/noisy/eng/eng_29.wav,command,noisy,crf_12,29,-10
samples/crf_12/noisy/eng/eng_1.wav,command,noisy,crf_12,1,-1
samples/crf_12/noisy/eng/eng_14.wav,command,noisy,crf_12,14,1
samples/crf_12/noisy/eng/eng_15.wav,command,noisy,crf_12,15,-2
samples/crf_12/noisy/eng/eng_22.wav,command,noisy,crf_12,22,-4
samples/crf_12/noisy/eng/eng_9.wav,command,noisy,crf_12,9,-26
samples/crf_12/noisy/eng/eng_4.wav,command,noisy,crf_12,4,5
samples/crf_12/noisy/eng/eng_12.wav,command,noisy,crf_12,12,5
samples/crf_12/noisy/eng/eng_23.wav,command,noisy,crf_12,23,2
samples/crf_12/noisy/eng/eng_2.wav,command,noisy,crf_12,2,-29
samples/crf_12/noisy/eng/eng_25.wav,command,noisy,crf_12,25,-4
samples/crf_12/noisy/eng/eng_16.wav,command,noisy,crf_12,16,6
samples/crf_12/noisy/eng/eng_18.wav,command,noisy,crf_12,18,-22
samples/crf_12/noisy/eng/eng_6.wav,command,noisy,crf_12,6,16
samples/crf_12/noisy/eng/eng_3.wav,command,noisy,crf_12,3,-12
samples/crf_12/noisy/eng/eng_13.wav,command,noisy,crf_12,13,-7
samples/crf_12/noisy/eng/eng_28.wav,command,noisy,crf_12,28,3
samples/crf_12/noisy/eng/eng_5.wav,command,noisy,crf_12,5,-8
samples/crf_12/noisy/eng/eng_26.wav,command,noisy,crf_12,26,6
samples/crf_12/noisy/eng/eng_7.wav,command,noisy,crf_12,7,-6
samples/crf_12/noisy/eng/eng_11.wav,command,noisy,crf_12,11,-2
samples/crf_12/noisy/eng/eng_30.wav,command,noisy,crf_12,30,-18
samples/crf_12/noisy/eng/eng_0.wav,command,noisy,crf_12,0,-8
samples/crf_12/noisy/eng/eng_27.wav,command,noisy,crf_12,27,-5
samples/crf_12/noisy/eng/eng_21.wav,command,noisy,crf_12,21,4
samples/crf_12/noisy/eng/eng_19.wav,command,noisy,crf_12,19,-1
samples/crf_12/noisy/eng/eng_20.wav,command,noisy,crf_12,20,-7
samples/crf_12/noisy/eng/eng_24.wav,command,noisy,crf_12,24,-8
samples/crf_12/noisy/eng/eng_8.wav,command,noisy,crf_12,8,6
samples/crf_12/noisy/eng/eng_10.wav,command,noisy,crf_12,10,-4
samples/crf_11/noisy/eng/eng_17.wav,command,noisy,crf_11,17,-8
samples/crf_11/noisy/eng/eng_29.wav,command,noisy,crf_11,29,3
samples/crf_11/noisy/eng/eng_1.wav,command,noisy,crf_11,1,5
samples/crf_11/noisy/eng/eng_14.wav,command,noisy,crf_11,14,-1
samples/crf_11/noisy/eng/eng_15.wav,command,noisy,crf_11,15,4
samples/crf_11/noisy/eng/eng_22.wav,command,noisy,crf_11,22,4
samples/crf_11/noisy/eng/eng_9.wav,command,noisy,crf_11,9,-1
samples/crf_11/noisy/eng/eng_4.wav,command,noisy,crf_11,4,-1
samples/crf_11/noisy/eng/eng_12.wav,command,noisy,crf_11,12,4
samples/crf_11/noisy/eng/eng_23.wav,command,noisy,crf_11,23,-3
samples/crf_11/noisy/eng/eng_2.wav,command,noisy,crf_11,2,8
samples/crf_11/noisy/eng/eng_25.wav,command,noisy,crf_11,25,2
samples/crf_11/noisy/eng/eng_16.wav,command,noisy,crf_11,16,0
samples/crf_11/noisy/eng/eng_18.wav,command,noisy,crf_11,18,4
samples/crf_11/noisy/eng/eng_6.wav,command,noisy,crf_11,6,-4
samples/crf_11/noisy/eng/eng_3.wav,command,noisy,crf_11,3,3
samples/crf_11/noisy/eng/eng_13.wav,command,noisy,crf_11,13,6
samples/crf_11/noisy/eng/eng_28.wav,command,noisy,crf_11,28,7
samples/crf_11/noisy/eng/eng_5.wav,command,noisy,crf_11,5,11
samples/crf_11/noisy/eng/eng_26.wav,command,noisy,crf_11,26,9
samples/crf_11/noisy/eng/eng_7.wav,command,noisy,crf_11,7,3
samples/crf_11/noisy/eng/eng_11.wav,command,noisy,crf_11,11,6
samples/crf_11/noisy/eng/eng_30.wav,command,noisy,crf_11,30,-8
samples/crf_11/noisy/eng/eng_0.wav,command,noisy,crf_11,0,8
samples/crf_11/noisy/eng/eng_27.wav,command,noisy,crf_11,27,-9
samples/crf_11/noisy/eng/eng_21.wav,command,noisy,crf_11,21,-10
samples/crf_11/noisy/eng/eng_19.wav,command,noisy,crf_11,19,-2
samples/crf_11/noisy/eng/eng_20.wav,command,noisy,crf_11,20,-2
samples/crf_11/noisy/eng/eng_24.wav,command,noisy,crf_11,24,-17
samples/crf_11/noisy/eng/eng_8.wav,command,noisy,crf_11,8,4
samples/crf_11/noisy/eng/eng_10.wav,command,noisy,crf_11,10,8
samples/crf_11/clean/eng/eng_17.wav,command,clean,crf_11,17,18
samples/crf_11/clean/eng/eng_29.wav,command,clean,crf_11,29,20
samples/crf_11/clean/eng/eng_1.wav,command,clean,crf_11,1,20
samples/crf_11/clean/eng/eng_14.wav,command,clean,crf_11,14,14
samples/crf_11/clean/eng/eng_15.wav,command,clean,crf_11,15,17
samples/crf_11/clean/eng/eng_22.wav,command,clean,crf_11,22,-2
samples/crf_11/clean/eng/eng_9.wav,command,clean,crf_11,9,17
samples/crf_11/clean/eng/eng_4.wav,command,clean,crf_11,4,22
samples/crf_11/clean/eng/eng_12.wav,command,clean,crf_11,12,18
samples/crf_11/clean/eng/eng_23.wav,command,clean,crf_11,23,14
samples/crf_11/clean/eng/eng_2.wav,command,clean,crf_11,2,18
samples/crf_11/clean/eng/eng_25.wav,command,clean,crf_11,25,15
samples/crf_11/clean/eng/eng_16.wav,command,clean,crf_11,16,19
samples/crf_11/clean/eng/eng_18.wav,command,clean,crf_11,18,19
samples/crf_11/clean/eng/eng_6.wav,command,clean,crf_11,6,22
samples/crf_11/clean/eng/eng_3.wav,command,clean,crf_11,3,20
samples/crf_11/clean/eng/eng_13.wav,command,clean,crf_11,13,17
samples/crf_11/clean/eng/eng_28.wav,command,clean,crf_11,28,23
samples/crf_11/clean/eng/eng_5.wav,command,clean,crf_11,5,13
samples/crf_11/clean/eng/eng_26.wav,command,clean,crf_11,26,14
samples/crf_11/clean/eng/eng_7.wav,command,clean,crf_11,7,18
samples/crf_11/clean/eng/eng_11.wav,command,clean,crf_11,11,15
samples/crf_11/clean/eng/eng_30.wav,command,clean,crf_11,30,2
samples/crf_11/clean/eng/eng_0.wav,command,clean,crf_11,0,16
samples/crf_11/clean/eng/eng_27.wav,command,clean,crf_11,27,-2
samples/crf_11/clean/eng/eng_21.wav,command,clean,crf_11,21,17
samples/crf_11/clean/eng/eng_19.wav,command,clean,crf_11,19,18
samples/crf_11/clean/eng/eng_20.wav,command,clean,crf_11,20,17
samples/crf_11/clean/eng/eng_24.wav,command,clean,crf_11,24,13
samples/crf_11/clean/eng/eng_8.wav,command,clean,crf_11,8,23
samples/crf_11/clean/eng/eng_10.wav,command,clean,crf_11,10,20
samples/crf_03/noisy/eng/eng_17.wav,command,noisy,crf_03,17,0
samples/crf_03/noisy/eng/eng_29.wav,command,noisy,crf_03,29,0
samples/crf_03/noisy/eng/eng_1.wav,command,noisy,crf_03,1,-4
samples/crf_03/noisy/eng/eng_14.wav,command,noisy,crf_03,14,3
samples/crf_03/noisy/eng/eng_15.wav,command,noisy,crf_03,15,-6
samples/crf_03/noisy/eng/eng_22.wav,command,noisy,crf_03,22,-14
samples/crf_03/noisy/eng/eng_9.wav,command,noisy,crf_03,9,-8
samples/crf_03/noisy/eng/eng_4.wav,command,noisy,crf_03,4,-4
samples/crf_03/noisy/eng/eng_12.wav,command,noisy,crf_03,12,-7
samples/crf_03/noisy/eng/eng_23.wav,command,noisy,crf_03,23,-13
samples/crf_03/noisy/eng/eng_2.wav,command,noisy,crf_03,2,-12
samples/crf_03/noisy/eng/eng_25.wav,command,noisy,crf_03,25,1
samples/crf_03/noisy/eng/eng_16.wav,command,noisy,crf_03,16,0
samples/crf_03/noisy/eng/eng_18.wav,command,noisy,crf_03,18,-4
samples/crf_03/noisy/eng/eng_6.wav,command,noisy,crf_03,6,-3
samples/crf_03/noisy/eng/eng_3.wav,command,noisy,crf_03,3,-6
samples/crf_03/noisy/eng/eng_13.wav,command,noisy,crf_03,13,-6
samples/crf_03/noisy/eng/eng_28.wav,command,noisy,crf_03,28,4
samples/crf_03/noisy/eng/eng_5.wav,command,noisy,crf_03,5,-9
samples/crf_03/noisy/eng/eng_26.wav,command,noisy,crf_03,26,-4
samples/crf_03/noisy/eng/eng_7.wav,command,noisy,crf_03,7,-10
samples/crf_03/noisy/eng/eng_11.wav,command,noisy,crf_03,11,-15
samples/crf_03/noisy/eng/eng_30.wav,command,noisy,crf_03,30,-6
samples/crf_03/noisy/eng/eng_0.wav,command,noisy,crf_03,0,-2
samples/crf_03/noisy/eng/eng_27.wav,command,noisy,crf_03,27,7
samples/crf_03/noisy/eng/eng_21.wav,command,noisy,crf_03,21,-2
samples/crf_03/noisy/eng/eng_19.wav,command,noisy,crf_03,19,-6
samples/crf_03/noisy/eng/eng_20.wav,command,noisy,crf_03,20,-12
samples/crf_03/noisy/eng/eng_24.wav,command,noisy,crf_03,24,-12
samples/crf_03/noisy/eng/eng_8.wav,command,noisy,crf_03,8,-8
samples/crf_03/noisy/eng/eng_10.wav,command,noisy,crf_03,10,-6
samples/crf_03/clean/eng/eng_17.wav,command,clean,crf_03,17,18
samples/crf_03/clean/eng/eng_29.wav,command,clean,crf_03,29,20
samples/crf_03/clean/eng/eng_1.wav,command,clean,crf_03,1,22
samples/crf_03/clean/eng/eng_14.wav,command,clean,crf_03,14,24
samples/crf_03/clean/eng/eng_15.wav,command,clean,crf_03,15,22
samples/crf_03/clean/eng/eng_22.wav,command,clean,crf_03,22,2
samples/crf_03/clean/eng/eng_9.wav,command,clean,crf_03,9,18
samples/crf_03/clean/eng/eng_4.wav,command,clean,crf_03,4,20
samples/crf_03/clean/eng/eng_12.wav,command,clean,crf_03,12,23
samples/crf_03/clean/eng/eng_23.wav,command,clean,crf_03,23,-4
samples/crf_03/clean/eng/eng_2.wav,command,clean,crf_03,2,21
samples/crf_03/clean/eng/eng_25.wav,command,clean,crf_03,25,20
samples/crf_03/clean/eng/eng_16.wav,command,clean,crf_03,16,22
samples/crf_03/clean/eng/eng_18.wav,command,clean,crf_03,18,20
samples/crf_03/clean/eng/eng_6.wav,command,clean,crf_03,6,23
samples/crf_03/clean/eng/eng_3.wav,command,clean,crf_03,3,19
samples/crf_03/clean/eng/eng_13.wav,command,clean,crf_03,13,16
samples/crf_03/clean/eng/eng_28.wav,command,clean,crf_03,28,22
samples/crf_03/clean/eng/eng_5.wav,command,clean,crf_03,5,20
samples/crf_03/clean/eng/eng_26.wav,command,clean,crf_03,26,19
samples/crf_03/clean/eng/eng_7.wav,command,clean,crf_03,7,20
samples/crf_03/clean/eng/eng_11.wav,command,clean,crf_03,11,18
samples/crf_03/clean/eng/eng_30.wav,command,clean,crf_03,30,17
samples/crf_03/clean/eng/eng_0.wav,command,clean,crf_03,0,22
samples/crf_03/clean/eng/eng_27.wav,command,clean,crf_03,27,22
samples/crf_03/clean/eng/eng_21.wav,command,clean,crf_03,21,21
samples/crf_03/clean/eng/eng_19.wav,command,clean,crf_03,19,20
samples/crf_03/clean/eng/eng_20.wav,command,clean,crf_03,20,23
samples/crf_03/clean/eng/eng_24.wav,command,clean,crf_03,24,-2
samples/crf_03/clean/eng/eng_8.wav,command,clean,crf_03,8,22
samples/crf_03/clean/eng/eng_10.wav,command,clean,crf_03,10,20
samples/fr_4/noisy/eng/eng_17.wav,command,noisy,fr_4,17,5
samples/fr_4/noisy/eng/eng_29.wav,command,noisy,fr_4,29,6
samples/fr_4/noisy/eng/eng_1.wav,command,noisy,fr_4,1,6
samples/fr_4/noisy/eng/eng_14.wav,command,noisy,fr_4,14,15
samples/fr_4/noisy/eng/eng_15.wav,command,noisy,fr_4,15,13
samples/fr_4/noisy/eng/eng_22.wav,command,noisy,fr_4,22,-9
samples/fr_4/noisy/eng/eng_9.wav,command,noisy,fr_4,9,9
samples/fr_4/noisy/eng/eng_4.wav,command,noisy,fr_4,4,4
samples/fr_4/noisy/eng/eng_12.wav,command,noisy,fr_4,12,9
samples/fr_4/noisy/eng/eng_23.wav,command,noisy,fr_4,23,1
samples/fr_4/noisy/eng/eng_2.wav,command,noisy,fr_4,2,2
samples/fr_4/noisy/eng/eng_25.wav,command,noisy,fr_4,25,6
samples/fr_4/noisy/eng/eng_16.wav,command,noisy,fr_4,16,11
samples/fr_4/noisy/eng/eng_18.wav,command,noisy,fr_4,18,11
samples/fr_4/noisy/eng/eng_6.wav,command,noisy,fr_4,6,7
samples/fr_4/noisy/eng/eng_3.wav,command,noisy,fr_4,3,-4
samples/fr_4/noisy/eng/eng_13.wav,command,noisy,fr_4,13,5
samples/fr_4/noisy/eng/eng_28.wav,command,noisy,fr_4,28,3
samples/fr_4/noisy/eng/eng_5.wav,command,noisy,fr_4,5,2
samples/fr_4/noisy/eng/eng_26.wav,command,noisy,fr_4,26,4
samples/fr_4/noisy/eng/eng_7.wav,command,noisy,fr_4,7,8
samples/fr_4/noisy/eng/eng_11.wav,command,noisy,fr_4,11,3
samples/fr_4/noisy/eng/eng_30.wav,command,noisy,fr_4,30,7
samples/fr_4/noisy/eng/eng_0.wav,command,noisy,fr_4,0,4
samples/fr_4/noisy/eng/eng_27.wav,command,noisy,fr_4,27,10
samples/fr_4/noisy/eng/eng_21.wav,command,noisy,fr_4,21,8
samples/fr_4/noisy/eng/eng_19.wav,command,noisy,fr_4,19,8
samples/fr_4/noisy/eng/eng_20.wav,command,noisy,fr_4,20,2
samples/fr_4/noisy/eng/eng_24.wav,command,noisy,fr_4,24,-5
samples/fr_4/noisy/eng/eng_8.wav,command,noisy,fr_4,8,12
samples/fr_4/noisy/eng/eng_10.wav,command,noisy,fr_4,10,8
samples/fr_3/noisy/eng/eng_17.wav,command,noisy,fr_3,17,3
samples/fr_3/noisy/eng/eng_29.wav,command,noisy,fr_3,29,5
samples/fr_3/noisy/eng/eng_1.wav,command,noisy,fr_3,1,8
samples/fr_3/noisy/eng/eng_14.wav,command,noisy,fr_3,14,8
samples/fr_3/noisy/eng/eng_15.wav,command,noisy,fr_3,15,8
samples/fr_3/noisy/eng/eng_22.wav,command,noisy,fr_3,22,-9
samples/fr_3/noisy/eng/eng_9.wav,command,noisy,fr_3,9,7
samples/fr_3/noisy/eng/eng_4.wav,command,noisy,fr_3,4,6
samples/fr_3/noisy/eng/eng_12.wav,command,noisy,fr_3,12,3
samples/fr_3/noisy/eng/eng_23.wav,command,noisy,fr_3,23,-7
samples/fr_3/noisy/eng/eng_2.wav,command,noisy,fr_3,2,2
samples/fr_3/noisy/eng/eng_25.wav,command,noisy,fr_3,25,6
samples/fr_3/noisy/eng/eng_16.wav,command,noisy,fr_3,16,4
samples/fr_3/noisy/eng/eng_18.wav,command,noisy,fr_3,18,12
samples/fr_3/noisy/eng/eng_6.wav,command,noisy,fr_3,6,9
samples/fr_3/noisy/eng/eng_3.wav,command,noisy,fr_3,3,1
samples/fr_3/noisy/eng/eng_13.wav,command,noisy,fr_3,13,5
samples/fr_3/noisy/eng/eng_28.wav,command,noisy,fr_3,28,1
samples/fr_3/noisy/eng/eng_5.wav,command,noisy,fr_3,5,5
samples/fr_3/noisy/eng/eng_26.wav,command,noisy,fr_3,26,-2
samples/fr_3/noisy/eng/eng_7.wav,command,noisy,fr_3,7,3
samples/fr_3/noisy/eng/eng_11.wav,command,noisy,fr_3,11,7
samples/fr_3/noisy/eng/eng_30.wav,command,noisy,fr_3,30,1
samples/fr_3/noisy/eng/eng_0.wav,command,noisy,fr_3,0,4
samples/fr_3/noisy/eng/eng_27.wav,command,noisy,fr_3,27,-11
samples/fr_3/noisy/eng/eng_21.wav,command,noisy,fr_3,21,-4
samples/fr_3/noisy/eng/eng_19.wav,command,noisy,fr_3,19,-7
samples/fr_3/noisy/eng/eng_20.wav,command,noisy,fr_3,20,6
samples/fr_3/noisy/eng/eng_24.wav,command,noisy,fr_3,24,-8
samples/fr_3/noisy/eng/eng_8.wav,command,noisy,fr_3,8,7
samples/fr_3/noisy/eng/eng_10.wav,command,noisy,fr_3,10,6
