path,type,subtype,speaker,intent,explicit,implicit,noise_path,noise_type,noise_subtype,snr
commands/702410657/esp/13_2_0.wav,command,telegram,702410657,13,35,1,,,,
commands/945222367/esp/1_1_2.wav,command,telegram,945222367,1,1,1,,,,
commands/945222367/esp/6_0_2.wav,command,telegram,945222367,6,15,0,,,,
commands/450427228/esp/22_2_0.wav,command,telegram,450427228,22,58,1,,,,
commands/5637757826/esp/4_1_1.wav,command,telegram,5637757826,4,7,0,,,,
rejects/esp/bed_94e6864f_nohash_0.wav,reject,google_speech,94e6864f,23,59,0,,,,
commands/529489061/esp/9_4_0.wav,command,telegram,529489061,9,25,1,,,,
commands/971441735/esp/20_0_1.wav,command,telegram,971441735,20,54,0,,,,
commands/971441735/esp/9_1_1.wav,command,telegram,971441735,9,22,1,,,,
commands/971441735/esp/16_2_0.wav,command,telegram,971441735,16,47,0,,,,
commands/945222367/esp/4_0_1.wav,command,telegram,945222367,4,6,0,,,,
commands/945222367/esp/1_1_0.wav,command,telegram,945222367,1,1,1,,,,
commands/5637757826/esp/19_0_2.wav,command,telegram,5637757826,19,53,0,,,,
commands/971441735/esp/6_0_1.wav,command,telegram,971441735,6,15,0,,,,
commands/702410657/esp/11_2_0.wav,command,telegram,702410657,11,29,1,,,,
commands/6182670111/esp/8_0_0.wav,command,telegram,6182670111,8,21,0,,,,
commands/5637757826/esp/22_0_0.wav,command,telegram,5637757826,22,56,1,,,,
commands/6182670111/esp/4_2_2.wav,command,telegram,6182670111,4,8,0,,,,
commands/702410657/esp/11_1_0.wav,command,telegram,702410657,11,28,1,,,,
commands/529489061/esp/20_0_0.wav,command,telegram,529489061,20,54,0,,,,
commands/6182670111/esp/21_0_2.wav,command,telegram,6182670111,21,56,0,,,,
commands/945222367/esp/9_4_0.wav,command,telegram,945222367,9,25,1,,,,
commands/604008470/esp/18_1_1.wav,command,telegram,604008470,18,52,0,,,,
commands/971441735/esp/6_1_1.wav,command,telegram,971441735,6,16,0,,,,
commands/5637757826/esp/12_1_0.wav,command,telegram,5637757826,12,34,0,,,,
rejects/esp/common_voice_es_37923442.wav,reject,mozilla,unknown,23,59,0,,,,
commands/529489061/esp/12_0_0.wav,command,telegram,529489061,12,33,0,,,,
rejects/esp/common_voice_es_37820991.wav,reject,mozilla,unknown,23,59,0,,,,
rejects/esp/off_324210dd_nohash_2.wav,reject,google_speech,324210dd,23,59,0,,,,
rejects/esp/happy_7fa5fa1f_nohash_0.wav,reject,google_speech,7fa5fa1f,23,59,0,,,,
rejects/esp/one_bfa63751_nohash_0.wav,reject,google_speech,bfa63751,23,59,0,,,,
rejects/esp/common_voice_es_37346225.wav,reject,mozilla,unknown,23,59,0,,,,
commands/529489061/esp/7_1_0.wav,command,telegram,529489061,7,16,1,,,,
commands/529489061/esp/1_1_1.wav,command,telegram,529489061,1,1,1,,,,
rejects/esp/dog_39543cfd_nohash_0.wav,reject,google_speech,39543cfd,23,59,0,,,,
commands/450427228/esp/10_0_0.wav,command,telegram,450427228,10,27,0,,,,
commands/6182670111/esp/18_1_0.wav,command,telegram,6182670111,18,52,0,,,,
rejects/esp/common_voice_es_37900549.wav,reject,mozilla,unknown,23,59,0,,,,
commands/5637757826/esp/14_0_2.wav,command,telegram,5637757826,14,39,0,,,,
commands/945222367/esp/14_1_1.wav,command,telegram,945222367,14,40,0,,,,
commands/604008470/esp/9_4_0.wav,command,telegram,604008470,9,25,1,,,,
commands/971441735/esp/15_0_0.wav,command,telegram,971441735,15,39,1,,,,
rejects/esp/common_voice_es_37821217.wav,reject,mozilla,unknown,23,59,0,,,,
rejects/esp/go_bfa63751_nohash_0.wav,reject,google_speech,bfa63751,23,59,0,,,,
commands/702410657/esp/8_1_1.wav,command,telegram,702410657,8,22,0,,,,
commands/604008470/esp/16_0_1.wav,command,telegram,604008470,16,45,0,,,,
commands/5214515480/esp/4_1_0.wav,command,telegram,5214515480,4,7,0,,,,
commands/945222367/esp/3_0_0.wav,command,telegram,945222367,3,3,1,,,,
commands/945222367/esp/20_0_1.wav,command,telegram,945222367,20,54,0,,,,
commands/5637757826/esp/13_0_2.wav,command,telegram,5637757826,13,33,1,,,,
rejects/esp/common_voice_es_37437561.wav,reject,mozilla,unknown,23,59,0,,,,
commands/529489061/esp/4_2_0.wav,command,telegram,529489061,4,8,0,,,,
rejects/esp/down_c1d39ce8_nohash_3.wav,reject,google_speech,c1d39ce8,23,59,0,,,,
rejects/esp/common_voice_es_37404646.wav,reject,mozilla,unknown,23,59,0,,,,
commands/529489061/esp/16_1_1.wav,command,telegram,529489061,16,46,0,,,,
commands/2254966/esp/19_0_0.wav,command,telegram,2254966,19,53,0,,,,
commands/450427228/esp/16_1_0.wav,command,telegram,450427228,16,46,0,,,,
commands/945222367/esp/3_1_0.wav,command,telegram,945222367,3,4,1,,,,
commands/6182670111/esp/22_2_0.wav,command,telegram,6182670111,22,58,1,,,,
commands/702410657/esp/0_0_1.wav,command,telegram,702410657,0,0,0,,,,
rejects/esp/one_ca58a8c6_nohash_1.wav,reject,google_speech,ca58a8c6,23,59,0,,,,
commands/702410657/esp/5_4_0.wav,command,telegram,702410657,5,10,1,,,,
rejects/esp/one_3bfd30e6_nohash_0.wav,reject,google_speech,3bfd30e6,23,59,0,,,,
rejects/esp/tree_39543cfd_nohash_0.wav,reject,google_speech,39543cfd,23,59,0,,,,
rejects/esp/six_3bfd30e6_nohash_0.wav,reject,google_speech,3bfd30e6,23,59,0,,,,
rejects/esp/bed_d8a5ace5_nohash_1.wav,reject,google_speech,d8a5ace5,23,59,0,,,,
rejects/esp/common_voice_es_37425097.wav,reject,mozilla,unknown,23,59,0,,,,
rejects/esp/marvin_7bae88ed_nohash_0.wav,reject,google_speech,7bae88ed,23,59,0,,,,
commands/5637757826/esp/21_0_2.wav,command,telegram,5637757826,21,56,0,,,,
rejects/esp/common_voice_es_37370010.wav,reject,mozilla,unknown,23,59,0,,,,
commands/604008470/esp/21_0_0.wav,command,telegram,604008470,21,56,0,,,,
commands/529489061/esp/14_0_0.wav,command,telegram,529489061,14,39,0,,,,
commands/450427228/esp/17_0_0.wav,command,telegram,450427228,17,48,0,,,,
rejects/esp/six_b0f24c9b_nohash_2.wav,reject,google_speech,b0f24c9b,23,59,0,,,,
rejects/esp/common_voice_es_37441342.wav,reject,mozilla,unknown,23,59,0,,,,
commands/2254966/esp/8_1_2.wav,command,telegram,2254966,8,22,0,,,,
commands/945222367/esp/2_0_0.wav,command,telegram,945222367,2,3,0,,,,
commands/450427228/esp/4_0_0.wav,command,telegram,450427228,4,6,0,,,,
rejects/esp/go_3bfd30e6_nohash_0.wav,reject,google_speech,3bfd30e6,23,59,0,,,,
commands/971441735/esp/2_0_2.wav,command,telegram,971441735,2,3,0,,,,
rejects/esp/yes_c25a032b_nohash_2.wav,reject,google_speech,c25a032b,23,59,0,,,,
rejects/esp/one_c1d39ce8_nohash_3.wav,reject,google_speech,c1d39ce8,23,59,0,,,,
commands/5637757826/esp/20_1_0.wav,command,telegram,5637757826,20,55,0,,,,
rejects/esp/common_voice_es_37436259.wav,reject,mozilla,unknown,23,59,0,,,,
rejects/esp/common_voice_es_37999689.wav,reject,mozilla,unknown,23,59,0,,,,
rejects/esp/five_7fa5fa1f_nohash_0.wav,reject,google_speech,7fa5fa1f,23,59,0,,,,
commands/6182670111/esp/15_3_0.wav,command,telegram,6182670111,15,42,1,,,,
rejects/esp/cat_f35eedd7_nohash_1.wav,reject,google_speech,f35eedd7,23,59,0,,,,
commands/450427228/esp/8_0_0.wav,command,telegram,450427228,8,21,0,,,,
rejects/esp/no_39543cfd_nohash_0.wav,reject,google_speech,39543cfd,23,59,0,,,,
commands/6182670111/esp/22_2_2.wav,command,telegram,6182670111,22,58,1,,,,
commands/6182670111/esp/16_2_0.wav,command,telegram,6182670111,16,47,0,,,,
rejects/esp/bird_533c6564_nohash_0.wav,reject,google_speech,533c6564,23,59,0,,,,
commands/5637757826/esp/11_4_0.wav,command,telegram,5637757826,11,31,1,,,,
commands/604008470/esp/2_0_1.wav,command,telegram,604008470,2,3,0,,,,
commands/6182670111/esp/15_0_0.wav,command,telegram,6182670111,15,39,1,,,,
commands/604008470/esp/11_2_1.wav,command,telegram,604008470,11,29,1,,,,
commands/702410657/esp/1_2_2.wav,command,telegram,702410657,1,2,1,,,,
commands/450427228/esp/4_2_0.wav,command,telegram,450427228,4,8,0,,,,
commands/6182670111/esp/22_2_1.wav,command,telegram,6182670111,22,58,1,,,,
commands/5637757826/esp/6_1_0.wav,command,telegram,5637757826,6,16,0,,,,
commands/945222367/esp/0_0_2.wav,command,telegram,945222367,0,0,0,,,,
commands/2254966/esp/19_0_1.wav,command,telegram,2254966,19,53,0,,,,
rejects/esp/three_00b01445_nohash_2.wav,reject,google_speech,00b01445,23,59,0,,,,
commands/2254966/esp/10_0_1.wav,command,telegram,2254966,10,27,0,,,,
commands/529489061/esp/2_0_1.wav,command,telegram,529489061,2,3,0,,,,
rejects/esp/two_7fa5fa1f_nohash_0.wav,reject,google_speech,7fa5fa1f,23,59,0,,,,
commands/971441735/esp/7_3_0.wav,command,telegram,971441735,7,18,1,,,,
commands/5637757826/esp/15_4_0.wav,command,telegram,5637757826,15,43,1,,,,
commands/2254966/esp/18_0_0.wav,command,telegram,2254966,18,51,0,,,,
commands/2254966/esp/5_4_0.wav,command,telegram,2254966,5,10,1,,,,
commands/2254966/esp/10_0_0.wav,command,telegram,2254966,10,27,0,,,,
commands/702410657/esp/2_0_2.wav,command,telegram,702410657,2,3,0,,,,
commands/6182670111/esp/21_0_0.wav,command,telegram,6182670111,21,56,0,,,,
commands/945222367/esp/18_1_1.wav,command,telegram,945222367,18,52,0,,,,
commands/945222367/esp/19_0_0.wav,command,telegram,945222367,19,53,0,,,,
commands/971441735/esp/11_3_0.wav,command,telegram,971441735,11,30,1,,,,
commands/6182670111/esp/11_0_0.wav,command,telegram,6182670111,11,27,1,,,,
commands/2254966/esp/3_1_2.wav,command,telegram,2254966,3,4,1,,,,
rejects/esp/common_voice_es_37938221.wav,reject,mozilla,unknown,23,59,0,,,,
rejects/esp/four_df280250_nohash_1.wav,reject,google_speech,df280250,23,59,0,,,,
rejects/esp/common_voice_es_37923193.wav,reject,mozilla,unknown,23,59,0,,,,
rejects/esp/common_voice_es_37654207.wav,reject,mozilla,unknown,23,59,0,,,,
rejects/esp/house_0e5193e6_nohash_1.wav,reject,google_speech,0e5193e6,23,59,0,,,,
commands/702410657/esp/13_5_0.wav,command,telegram,702410657,13,38,1,,,,
commands/971441735/esp/10_1_0.wav,command,telegram,971441735,10,28,0,,,,
commands/945222367/esp/18_1_0.wav,command,telegram,945222367,18,52,0,,,,
rejects/esp/common_voice_es_37436253.wav,reject,mozilla,unknown,23,59,0,,,,
commands/5637757826/esp/18_1_1.wav,command,telegram,5637757826,18,52,0,,,,
rejects/esp/off_39543cfd_nohash_0.wav,reject,google_speech,39543cfd,23,59,0,,,,
commands/604008470/esp/22_0_0.wav,command,telegram,604008470,22,56,1,,,,
commands/5637757826/esp/4_1_0.wav,command,telegram,5637757826,4,7,0,,,,
commands/450427228/esp/7_1_0.wav,command,telegram,450427228,7,16,1,,,,
commands/5637757826/esp/1_2_0.wav,command,telegram,5637757826,1,2,1,,,,
commands/6182670111/esp/12_1_0.wav,command,telegram,6182670111,12,34,0,,,,
rejects/esp/common_voice_es_37969829.wav,reject,mozilla,unknown,23,59,0,,,,
commands/2254966/esp/1_2_0.wav,command,telegram,2254966,1,2,1,,,,
commands/971441735/esp/3_2_2.wav,command,telegram,971441735,3,5,1,,,,
commands/604008470/esp/14_0_1.wav,command,telegram,604008470,14,39,0,,,,
commands/5637757826/esp/12_1_1.wav,command,telegram,5637757826,12,34,0,,,,
commands/6182670111/esp/2_0_2.wav,command,telegram,6182670111,2,3,0,,,,
commands/6182670111/esp/9_0_1.wav,command,telegram,6182670111,9,21,1,,,,
commands/5637757826/esp/18_0_0.wav,command,telegram,5637757826,18,51,0,,,,
commands/529489061/esp/13_2_0.wav,command,telegram,529489061,13,35,1,,,,
rejects/esp/common_voice_es_37862543.wav,reject,mozilla,unknown,23,59,0,,,,
commands/450427228/esp/9_0_0.wav,command,telegram,450427228,9,21,1,,,,
rejects/esp/common_voice_es_37369942.wav,reject,mozilla,unknown,23,59,0,,,,
commands/971441735/esp/5_7_0.wav,command,telegram,971441735,5,13,1,,,,
commands/529489061/esp/7_3_0.wav,command,telegram,529489061,7,18,1,,,,
commands/971441735/esp/0_0_2.wav,command,telegram,971441735,0,0,0,,,,
commands/529489061/esp/5_5_1.wav,command,telegram,529489061,5,11,1,,,,
commands/971441735/esp/1_1_1.wav,command,telegram,971441735,1,1,1,,,,
commands/6182670111/esp/13_4_1.wav,command,telegram,6182670111,13,37,1,,,,
rejects/esp/nine_94e6864f_nohash_0.wav,reject,google_speech,94e6864f,23,59,0,,,,
commands/5637757826/esp/9_0_0.wav,command,telegram,5637757826,9,21,1,,,,
rejects/esp/nine_324210dd_nohash_2.wav,reject,google_speech,324210dd,23,59,0,,,,
commands/971441735/esp/19_0_1.wav,command,telegram,971441735,19,53,0,,,,
commands/6182670111/esp/5_0_0.wav,command,telegram,6182670111,5,6,1,,,,
commands/5637757826/esp/21_0_3.wav,command,telegram,5637757826,21,56,0,,,,
rejects/esp/off_bfa63751_nohash_0.wav,reject,google_speech,bfa63751,23,59,0,,,,
rejects/esp/happy_3bfd30e6_nohash_0.wav,reject,google_speech,3bfd30e6,23,59,0,,,,
rejects/esp/wow_94e6864f_nohash_0.wav,reject,google_speech,94e6864f,23,59,0,,,,
commands/971441735/esp/1_1_0.wav,command,telegram,971441735,1,1,1,,,,
commands/529489061/esp/15_3_0.wav,command,telegram,529489061,15,42,1,,,,
commands/2254966/esp/20_1_0.wav,command,telegram,2254966,20,55,0,,,,
rejects/esp/dog_7fa5fa1f_nohash_0.wav,reject,google_speech,7fa5fa1f,23,59,0,,,,
rejects/esp/common_voice_es_37796700.wav,reject,mozilla,unknown,23,59,0,,,,
rejects/esp/marvin_39543cfd_nohash_0.wav,reject,google_speech,39543cfd,23,59,0,,,,
rejects/esp/common_voice_es_37654199.wav,reject,mozilla,unknown,23,59,0,,,,
commands/945222367/esp/3_2_0.wav,command,telegram,945222367,3,5,1,,,,
commands/702410657/esp/11_2_1.wav,command,telegram,702410657,11,29,1,,,,
commands/6182670111/esp/5_3_0.wav,command,telegram,6182670111,5,9,1,,,,
commands/971441735/esp/5_8_0.wav,command,telegram,971441735,5,14,1,,,,
commands/604008470/esp/8_0_1.wav,command,telegram,604008470,8,21,0,,,,
commands/450427228/esp/9_5_0.wav,command,telegram,450427228,9,26,1,,,,
commands/2254966/esp/18_1_0.wav,command,telegram,2254966,18,52,0,,,,
rejects/esp/common_voice_es_37766367.wav,reject,mozilla,unknown,23,59,0,,,,
commands/945222367/esp/7_3_1.wav,command,telegram,945222367,7,18,1,,,,
commands/450427228/esp/13_0_0.wav,command,telegram,450427228,13,33,1,,,,
commands/945222367/esp/13_2_0.wav,command,telegram,945222367,13,35,1,,,,
commands/945222367/esp/5_1_1.wav,command,telegram,945222367,5,7,1,,,,
rejects/esp/common_voice_es_37938242.wav,reject,mozilla,unknown,23,59,0,,,,
commands/945222367/esp/21_0_2.wav,command,telegram,945222367,21,56,0,,,,
rejects/esp/five_c5c60d8d_nohash_1.wav,reject,google_speech,c5c60d8d,23,59,0,,,,
rejects/esp/common_voice_es_37425056.wav,reject,mozilla,unknown,23,59,0,,,,
commands/5214515480/esp/4_0_0.wav,command,telegram,5214515480,4,6,0,,,,
commands/945222367/esp/22_1_0.wav,command,telegram,945222367,22,57,1,,,,
commands/529489061/esp/11_5_0.wav,command,telegram,529489061,11,32,1,,,,
commands/529489061/esp/3_1_0.wav,command,telegram,529489061,3,4,1,,,,
commands/945222367/esp/9_0_0.wav,command,telegram,945222367,9,21,1,,,,
commands/5637757826/esp/21_0_0.wav,command,telegram,5637757826,21,56,0,,,,
commands/2254966/esp/2_0_2.wav,command,telegram,2254966,2,3,0,,,,
commands/702410657/esp/1_2_0.wav,command,telegram,702410657,1,2,1,,,,
rejects/esp/common_voice_es_37900571.wav,reject,mozilla,unknown,23,59,0,,,,
commands/945222367/esp/22_1_1.wav,command,telegram,945222367,22,57,1,,,,
commands/604008470/esp/0_0_0.wav,command,telegram,604008470,0,0,0,,,,
rejects/esp/common_voice_es_37426520.wav,reject,mozilla,unknown,23,59,0,,,,
commands/529489061/esp/19_0_1.wav,command,telegram,529489061,19,53,0,,,,
commands/604008470/esp/11_3_0.wav,command,telegram,604008470,11,30,1,,,,
rejects/esp/common_voice_es_37845677.wav,reject,mozilla,unknown,23,59,0,,,,
commands/6182670111/esp/13_1_0.wav,command,telegram,6182670111,13,34,1,,,,
rejects/esp/common_voice_es_37993677.wav,reject,mozilla,unknown,23,59,0,,,,
commands/945222367/esp/7_2_0.wav,command,telegram,945222367,7,17,1,,,,
commands/2254966/esp/0_0_1.wav,command,telegram,2254966,0,0,0,,,,
rejects/esp/right_bfa63751_nohash_0.wav,reject,google_speech,bfa63751,23,59,0,,,,
rejects/esp/two_7bae88ed_nohash_0.wav,reject,google_speech,7bae88ed,23,59,0,,,,
commands/702410657/esp/5_3_0.wav,command,telegram,702410657,5,9,1,,,,
commands/450427228/esp/18_1_0.wav,command,telegram,450427228,18,52,0,,,,
rejects/esp/common_voice_es_37919186.wav,reject,mozilla,unknown,23,59,0,,,,
commands/5637757826/esp/6_1_1.wav,command,telegram,5637757826,6,16,0,,,,
commands/529489061/esp/10_1_0.wav,command,telegram,529489061,10,28,0,,,,
rejects/esp/common_voice_es_37955702.wav,reject,mozilla,unknown,23,59,0,,,,
commands/6182670111/esp/16_1_1.wav,command,telegram,6182670111,16,46,0,,,,
rejects/esp/common_voice_es_37900550.wav,reject,mozilla,unknown,23,59,0,,,,
rejects/esp/eight_7bae88ed_nohash_0.wav,reject,google_speech,7bae88ed,23,59,0,,,,
rejects/esp/common_voice_es_37893846.wav,reject,mozilla,unknown,23,59,0,,,,
rejects/esp/common_voice_es_37938353.wav,reject,mozilla,unknown,23,59,0,,,,
commands/604008470/esp/2_0_2.wav,command,telegram,604008470,2,3,0,,,,
commands/5214515480/esp/18_1_0.wav,command,telegram,5214515480,18,52,0,,,,
rejects/esp/common_voice_es_37613728.wav,reject,mozilla,unknown,23,59,0,,,,
rejects/esp/common_voice_es_37938686.wav,reject,mozilla,unknown,23,59,0,,,,
commands/702410657/esp/10_1_0.wav,command,telegram,702410657,10,28,0,,,,
commands/450427228/esp/22_1_0.wav,command,telegram,450427228,22,57,1,,,,
commands/529489061/esp/5_5_0.wav,command,telegram,529489061,5,11,1,,,,
rejects/esp/common_voice_es_37418008.wav,reject,mozilla,unknown,23,59,0,,,,
rejects/esp/go_94e6864f_nohash_0.wav,reject,google_speech,94e6864f,23,59,0,,,,
commands/945222367/esp/1_0_0.wav,command,telegram,945222367,1,0,1,,,,
rejects/esp/zero_71e6ab20_nohash_1.wav,reject,google_speech,71e6ab20,23,59,0,,,,
commands/945222367/esp/2_0_2.wav,command,telegram,945222367,2,3,0,,,,
commands/2254966/esp/9_5_0.wav,command,telegram,2254966,9,26,1,,,,
commands/5637757826/esp/13_0_0.wav,command,telegram,5637757826,13,33,1,,,,
rejects/esp/four_324210dd_nohash_2.wav,reject,google_speech,324210dd,23,59,0,,,,
commands/529489061/esp/9_0_0.wav,command,telegram,529489061,9,21,1,,,,
commands/604008470/esp/4_1_0.wav,command,telegram,604008470,4,7,0,,,,
commands/2254966/esp/9_2_0.wav,command,telegram,2254966,9,23,1,,,,
commands/2254966/esp/4_0_0.wav,command,telegram,2254966,4,6,0,,,,
commands/971441735/esp/14_0_1.wav,command,telegram,971441735,14,39,0,,,,
rejects/esp/common_voice_es_37960107.wav,reject,mozilla,unknown,23,59,0,,,,
commands/945222367/esp/16_2_2.wav,command,telegram,945222367,16,47,0,,,,
commands/604008470/esp/22_0_1.wav,command,telegram,604008470,22,56,1,,,,
commands/6182670111/esp/8_1_0.wav,command,telegram,6182670111,8,22,0,,,,
commands/945222367/esp/11_5_0.wav,command,telegram,945222367,11,32,1,,,,
commands/971441735/esp/22_1_0.wav,command,telegram,971441735,22,57,1,,,,
commands/450427228/esp/11_1_0.wav,command,telegram,450427228,11,28,1,,,,
rejects/esp/common_voice_es_37313275.wav,reject,mozilla,unknown,23,59,0,,,,
commands/5214515480/esp/17_0_0.wav,command,telegram,5214515480,17,48,0,,,,
rejects/esp/zero_f35eedd7_nohash_1.wav,reject,google_speech,f35eedd7,23,59,0,,,,
rejects/esp/tree_7fa5fa1f_nohash_0.wav,reject,google_speech,7fa5fa1f,23,59,0,,,,
commands/450427228/esp/15_5_0.wav,command,telegram,450427228,15,44,1,,,,
commands/945222367/esp/6_1_0.wav,command,telegram,945222367,6,16,0,,,,
commands/971441735/esp/0_0_3.wav,command,telegram,971441735,0,0,0,,,,
rejects/esp/three_324210dd_nohash_2.wav,reject,google_speech,324210dd,23,59,0,,,,
commands/604008470/esp/3_2_2.wav,command,telegram,604008470,3,5,1,,,,
rejects/esp/common_voice_es_37980668.wav,reject,mozilla,unknown,23,59,0,,,,
commands/702410657/esp/8_1_0.wav,command,telegram,702410657,8,22,0,,,,
commands/604008470/esp/3_2_1.wav,command,telegram,604008470,3,5,1,,,,
rejects/esp/eight_71e6ab20_nohash_1.wav,reject,google_speech,71e6ab20,23,59,0,,,,
commands/529489061/esp/14_1_1.wav,command,telegram,529489061,14,40,0,,,,
commands/604008470/esp/22_2_0.wav,command,telegram,604008470,22,58,1,,,,
rejects/esp/common_voice_es_37980572.wav,reject,mozilla,unknown,23,59,0,,,,
rejects/esp/seven_3bfd30e6_nohash_0.wav,reject,google_speech,3bfd30e6,23,59,0,,,,
rejects/esp/six_1b755c65_nohash_1.wav,reject,google_speech,1b755c65,23,59,0,,,,
rejects/esp/common_voice_es_37978140.wav,reject,mozilla,unknown,23,59,0,,,,
rejects/esp/tree_1993db46_nohash_1.wav,reject,google_speech,1993db46,23,59,0,,,,
commands/604008470/esp/5_2_0.wav,command,telegram,604008470,5,8,1,,,,
commands/529489061/esp/6_0_2.wav,command,telegram,529489061,6,15,0,,,,
commands/604008470/esp/15_0_1.wav,command,telegram,604008470,15,39,1,,,,
commands/5637757826/esp/8_1_2.wav,command,telegram,5637757826,8,22,0,,,,
commands/529489061/esp/17_1_0.wav,command,telegram,529489061,17,49,0,,,,
commands/2254966/esp/10_1_1.wav,command,telegram,2254966,10,28,0,,,,
commands/702410657/esp/0_0_0.wav,command,telegram,702410657,0,0,0,,,,
rejects/esp/dog_26b28ea7_nohash_1.wav,reject,google_speech,26b28ea7,23,59,0,,,,
commands/529489061/esp/5_1_0.wav,command,telegram,529489061,5,7,1,,,,
rejects/esp/bird_7fa5fa1f_nohash_0.wav,reject,google_speech,7fa5fa1f,23,59,0,,,,
rejects/esp/left_324210dd_nohash_2.wav,reject,google_speech,324210dd,23,59,0,,,,
rejects/esp/common_voice_es_37360191.wav,reject,mozilla,unknown,23,59,0,,,,
commands/2254966/esp/8_1_1.wav,command,telegram,2254966,8,22,0,,,,
commands/5637757826/esp/10_0_1.wav,command,telegram,5637757826,10,27,0,,,,
commands/529489061/esp/5_0_0.wav,command,telegram,529489061,5,6,1,,,,
rejects/esp/sheila_82305c3a_nohash_4.wav,reject,google_speech,82305c3a,23,59,0,,,,
rejects/esp/four_71e6ab20_nohash_1.wav,reject,google_speech,71e6ab20,23,59,0,,,,
commands/945222367/esp/19_0_1.wav,command,telegram,945222367,19,53,0,,,,
rejects/esp/sheila_7fa5fa1f_nohash_0.wav,reject,google_speech,7fa5fa1f,23,59,0,,,,
commands/450427228/esp/21_0_0.wav,command,telegram,450427228,21,56,0,,,,
commands/2254966/esp/9_3_0.wav,command,telegram,2254966,9,24,1,,,,
commands/971441735/esp/10_1_1.wav,command,telegram,971441735,10,28,0,,,,
commands/2254966/esp/7_0_0.wav,command,telegram,2254966,7,15,1,,,,
commands/450427228/esp/8_1_0.wav,command,telegram,450427228,8,22,0,,,,
commands/450427228/esp/1_2_0.wav,command,telegram,450427228,1,2,1,,,,
commands/702410657/esp/6_1_1.wav,command,telegram,702410657,6,16,0,,,,
commands/450427228/esp/5_0_0.wav,command,telegram,450427228,5,6,1,,,,
rejects/esp/common_voice_es_38016767.wav,reject,mozilla,unknown,23,59,0,,,,
commands/6182670111/esp/3_1_2.wav,command,telegram,6182670111,3,4,1,,,,
commands/604008470/esp/10_1_0.wav,command,telegram,604008470,10,28,0,,,,
commands/529489061/esp/20_0_3.wav,command,telegram,529489061,20,54,0,,,,
rejects/esp/common_voice_es_37731641.wav,reject,mozilla,unknown,23,59,0,,,,
rejects/esp/dog_94e6864f_nohash_0.wav,reject,google_speech,94e6864f,23,59,0,,,,
rejects/esp/common_voice_es_37844659.wav,reject,mozilla,unknown,23,59,0,,,,
commands/450427228/esp/16_2_0.wav,command,telegram,450427228,16,47,0,,,,
commands/971441735/esp/15_2_0.wav,command,telegram,971441735,15,41,1,,,,
commands/604008470/esp/11_4_0.wav,command,telegram,604008470,11,31,1,,,,
commands/450427228/esp/19_0_0.wav,command,telegram,450427228,19,53,0,,,,
rejects/esp/marvin_a108341b_nohash_0.wav,reject,google_speech,a108341b,23,59,0,,,,
commands/529489061/esp/10_1_2.wav,command,telegram,529489061,10,28,0,,,,
rejects/esp/off_7bae88ed_nohash_0.wav,reject,google_speech,7bae88ed,23,59,0,,,,
commands/6182670111/esp/7_3_0.wav,command,telegram,6182670111,7,18,1,,,,
commands/5637757826/esp/17_2_1.wav,command,telegram,5637757826,17,50,0,,,,
rejects/esp/tree_e3e49931_nohash_1.wav,reject,google_speech,e3e49931,23,59,0,,,,
rejects/esp/up_3bfd30e6_nohash_0.wav,reject,google_speech,3bfd30e6,23,59,0,,,,
rejects/esp/common_voice_es_37429426.wav,reject,mozilla,unknown,23,59,0,,,,
rejects/esp/house_ca58a8c6_nohash_1.wav,reject,google_speech,ca58a8c6,23,59,0,,,,
commands/5637757826/esp/0_0_0.wav,command,telegram,5637757826,0,0,0,,,,
commands/6182670111/esp/14_1_1.wav,command,telegram,6182670111,14,40,0,,,,
rejects/esp/common_voice_es_37978258.wav,reject,mozilla,unknown,23,59,0,,,,
commands/2254966/esp/3_1_0.wav,command,telegram,2254966,3,4,1,,,,
commands/529489061/esp/18_1_0.wav,command,telegram,529489061,18,52,0,,,,
commands/945222367/esp/21_0_0.wav,command,telegram,945222367,21,56,0,,,,
rejects/esp/bird_c5c60d8d_nohash_1.wav,reject,google_speech,c5c60d8d,23,59,0,,,,
commands/971441735/esp/19_0_2.wav,command,telegram,971441735,19,53,0,,,,
rejects/esp/common_voice_es_37869885.wav,reject,mozilla,unknown,23,59,0,,,,
commands/6182670111/esp/16_2_1.wav,command,telegram,6182670111,16,47,0,,,,
rejects/esp/common_voice_es_37360305.wav,reject,mozilla,unknown,23,59,0,,,,
commands/5637757826/esp/17_2_0.wav,command,telegram,5637757826,17,50,0,,,,
rejects/esp/zero_7bae88ed_nohash_0.wav,reject,google_speech,7bae88ed,23,59,0,,,,
commands/67836100/esp/10_0_0.wav,command,telegram,67836100,10,27,0,,,,
rejects/esp/wow_c5c60d8d_nohash_1.wav,reject,google_speech,c5c60d8d,23,59,0,,,,
commands/971441735/esp/9_3_0.wav,command,telegram,971441735,9,24,1,,,,
commands/5637757826/esp/4_1_2.wav,command,telegram,5637757826,4,7,0,,,,
commands/5637757826/esp/9_4_0.wav,command,telegram,5637757826,9,25,1,,,,
commands/450427228/esp/3_0_0.wav,command,telegram,450427228,3,3,1,,,,
rejects/esp/nine_50928b05_nohash_3.wav,reject,google_speech,50928b05,23,59,0,,,,
commands/6182670111/esp/10_1_2.wav,command,telegram,6182670111,10,28,0,,,,
commands/529489061/esp/19_0_2.wav,command,telegram,529489061,19,53,0,,,,
commands/604008470/esp/16_1_0.wav,command,telegram,604008470,16,46,0,,,,
commands/702410657/esp/6_1_0.wav,command,telegram,702410657,6,16,0,,,,
rejects/esp/left_bfa63751_nohash_0.wav,reject,google_speech,bfa63751,23,59,0,,,,
rejects/esp/eight_39543cfd_nohash_0.wav,reject,google_speech,39543cfd,23,59,0,,,,
rejects/esp/nine_39543cfd_nohash_0.wav,reject,google_speech,39543cfd,23,59,0,,,,
rejects/esp/no_c1d39ce8_nohash_3.wav,reject,google_speech,c1d39ce8,23,59,0,,,,
rejects/esp/on_3bfd30e6_nohash_0.wav,reject,google_speech,3bfd30e6,23,59,0,,,,
commands/67836100/esp/11_2_0.wav,command,telegram,67836100,11,29,1,,,,
commands/702410657/esp/9_4_0.wav,command,telegram,702410657,9,25,1,,,,
commands/971441735/esp/15_3_0.wav,command,telegram,971441735,15,42,1,,,,
commands/604008470/esp/2_0_0.wav,command,telegram,604008470,2,3,0,,,,
commands/2254966/esp/16_2_1.wav,command,telegram,2254966,16,47,0,,,,
commands/971441735/esp/14_1_1.wav,command,telegram,971441735,14,40,0,,,,
commands/604008470/esp/18_1_0.wav,command,telegram,604008470,18,52,0,,,,
rejects/esp/common_voice_es_37907347.wav,reject,mozilla,unknown,23,59,0,,,,
rejects/esp/go_324210dd_nohash_2.wav,reject,google_speech,324210dd,23,59,0,,,,
commands/6182670111/esp/20_1_2.wav,command,telegram,6182670111,20,55,0,,,,
rejects/esp/five_7bae88ed_nohash_0.wav,reject,google_speech,7bae88ed,23,59,0,,,,
rejects/esp/common_voice_es_37530179.wav,reject,mozilla,unknown,23,59,0,,,,
rejects/esp/eight_7fa5fa1f_nohash_0.wav,reject,google_speech,7fa5fa1f,23,59,0,,,,
commands/702410657/esp/16_1_1.wav,command,telegram,702410657,16,46,0,,,,
commands/5637757826/esp/16_1_0.wav,command,telegram,5637757826,16,46,0,,,,
commands/604008470/esp/19_0_1.wav,command,telegram,604008470,19,53,0,,,,
commands/971441735/esp/11_5_0.wav,command,telegram,971441735,11,32,1,,,,
commands/6182670111/esp/6_0_2.wav,command,telegram,6182670111,6,15,0,,,,
rejects/esp/wow_39543cfd_nohash_0.wav,reject,google_speech,39543cfd,23,59,0,,,,
commands/604008470/esp/5_1_0.wav,command,telegram,604008470,5,7,1,,,,
rejects/esp/go_7bae88ed_nohash_0.wav,reject,google_speech,7bae88ed,23,59,0,,,,
rejects/esp/five_94e6864f_nohash_0.wav,reject,google_speech,94e6864f,23,59,0,,,,
commands/450427228/esp/15_3_0.wav,command,telegram,450427228,15,42,1,,,,
rejects/esp/marvin_3bfd30e6_nohash_0.wav,reject,google_speech,3bfd30e6,23,59,0,,,,
commands/604008470/esp/1_2_0.wav,command,telegram,604008470,1,2,1,,,,
rejects/esp/on_7fa5fa1f_nohash_0.wav,reject,google_speech,7fa5fa1f,23,59,0,,,,
rejects/esp/on_7bae88ed_nohash_0.wav,reject,google_speech,7bae88ed,23,59,0,,,,
commands/2254966/esp/5_0_1.wav,command,telegram,2254966,5,6,1,,,,
rejects/esp/down_94e6864f_nohash_0.wav,reject,google_speech,94e6864f,23,59,0,,,,
rejects/esp/wow_a108341b_nohash_0.wav,reject,google_speech,a108341b,23,59,0,,,,
commands/6182670111/esp/0_0_2.wav,command,telegram,6182670111,0,0,0,,,,
commands/450427228/esp/10_1_0.wav,command,telegram,450427228,10,28,0,,,,
commands/945222367/esp/10_1_0.wav,command,telegram,945222367,10,28,0,,,,
commands/529489061/esp/0_0_1.wav,command,telegram,529489061,0,0,0,,,,
commands/604008470/esp/21_0_3.wav,command,telegram,604008470,21,56,0,,,,
rejects/esp/one_f35eedd7_nohash_1.wav,reject,google_speech,f35eedd7,23,59,0,,,,
commands/6182670111/esp/15_2_0.wav,command,telegram,6182670111,15,41,1,,,,
commands/5637757826/esp/7_0_0.wav,command,telegram,5637757826,7,15,1,,,,
commands/450427228/esp/11_2_0.wav,command,telegram,450427228,11,29,1,,,,
rejects/esp/common_voice_es_37918050.wav,reject,mozilla,unknown,23,59,0,,,,
commands/6182670111/esp/5_7_0.wav,command,telegram,6182670111,5,13,1,,,,
commands/702410657/esp/3_1_0.wav,command,telegram,702410657,3,4,1,,,,
rejects/esp/house_7bae88ed_nohash_0.wav,reject,google_speech,7bae88ed,23,59,0,,,,
commands/971441735/esp/7_4_0.wav,command,telegram,971441735,7,19,1,,,,
commands/5637757826/esp/0_0_3.wav,command,telegram,5637757826,0,0,0,,,,
commands/450427228/esp/5_1_0.wav,command,telegram,450427228,5,7,1,,,,
commands/5637757826/esp/20_1_1.wav,command,telegram,5637757826,20,55,0,,,,
commands/529489061/esp/10_1_3.wav,command,telegram,529489061,10,28,0,,,,
commands/450427228/esp/7_3_0.wav,command,telegram,450427228,7,18,1,,,,
rejects/esp/five_c1d39ce8_nohash_3.wav,reject,google_speech,c1d39ce8,23,59,0,,,,
commands/529489061/esp/10_1_1.wav,command,telegram,529489061,10,28,0,,,,
commands/5637757826/esp/11_5_1.wav,command,telegram,5637757826,11,32,1,,,,
rejects/esp/common_voice_es_37346288.wav,reject,mozilla,unknown,23,59,0,,,,
commands/604008470/esp/5_5_0.wav,command,telegram,604008470,5,11,1,,,,
commands/450427228/esp/1_1_0.wav,command,telegram,450427228,1,1,1,,,,
commands/971441735/esp/16_2_1.wav,command,telegram,971441735,16,47,0,,,,
commands/6182670111/esp/7_5_0.wav,command,telegram,6182670111,7,20,1,,,,
commands/604008470/esp/11_2_0.wav,command,telegram,604008470,11,29,1,,,,
rejects/esp/two_c1d39ce8_nohash_3.wav,reject,google_speech,c1d39ce8,23,59,0,,,,
commands/6182670111/esp/2_0_1.wav,command,telegram,6182670111,2,3,0,,,,
commands/2254966/esp/3_2_0.wav,command,telegram,2254966,3,5,1,,,,
rejects/esp/right_26b28ea7_nohash_1.wav,reject,google_speech,26b28ea7,23,59,0,,,,
commands/5637757826/esp/18_1_0.wav,command,telegram,5637757826,18,52,0,,,,
commands/529489061/esp/0_0_0.wav,command,telegram,529489061,0,0,0,,,,
commands/529489061/esp/19_0_0.wav,command,telegram,529489061,19,53,0,,,,
commands/2254966/esp/22_0_0.wav,command,telegram,2254966,22,56,1,,,,
rejects/esp/common_voice_es_38012304.wav,reject,mozilla,unknown,23,59,0,,,,
commands/702410657/esp/18_1_0.wav,command,telegram,702410657,18,52,0,,,,
commands/5637757826/esp/22_0_2.wav,command,telegram,5637757826,22,56,1,,,,
commands/529489061/esp/22_0_0.wav,command,telegram,529489061,22,56,1,,,,
commands/5637757826/esp/18_0_1.wav,command,telegram,5637757826,18,51,0,,,,
rejects/esp/common_voice_es_37841791.wav,reject,mozilla,unknown,23,59,0,,,,
commands/450427228/esp/12_0_0.wav,command,telegram,450427228,12,33,0,,,,
commands/604008470/esp/18_0_0.wav,command,telegram,604008470,18,51,0,,,,
commands/529489061/esp/9_2_0.wav,command,telegram,529489061,9,23,1,,,,
commands/529489061/esp/13_1_0.wav,command,telegram,529489061,13,34,1,,,,
commands/604008470/esp/20_0_1.wav,command,telegram,604008470,20,54,0,,,,
commands/971441735/esp/21_0_0.wav,command,telegram,971441735,21,56,0,,,,
commands/604008470/esp/0_0_1.wav,command,telegram,604008470,0,0,0,,,,
commands/945222367/esp/16_2_1.wav,command,telegram,945222367,16,47,0,,,,
commands/702410657/esp/2_0_1.wav,command,telegram,702410657,2,3,0,,,,
commands/945222367/esp/6_0_0.wav,command,telegram,945222367,6,15,0,,,,
rejects/esp/no_3bfd30e6_nohash_0.wav,reject,google_speech,3bfd30e6,23,59,0,,,,
rejects/esp/right_39543cfd_nohash_0.wav,reject,google_speech,39543cfd,23,59,0,,,,
rejects/esp/common_voice_es_37435398.wav,reject,mozilla,unknown,23,59,0,,,,
commands/945222367/esp/5_0_0.wav,command,telegram,945222367,5,6,1,,,,
rejects/esp/common_voice_es_37596543.wav,reject,mozilla,unknown,23,59,0,,,,
rejects/esp/common_voice_es_37650688.wav,reject,mozilla,unknown,23,59,0,,,,
commands/450427228/esp/16_0_0.wav,command,telegram,450427228,16,45,0,,,,
rejects/esp/tree_85834399_nohash_1.wav,reject,google_speech,85834399,23,59,0,,,,
rejects/esp/common_voice_es_37913281.wav,reject,mozilla,unknown,23,59,0,,,,
rejects/esp/common_voice_es_37980877.wav,reject,mozilla,unknown,23,59,0,,,,
rejects/esp/common_voice_es_37757001.wav,reject,mozilla,unknown,23,59,0,,,,
commands/529489061/esp/3_1_1.wav,command,telegram,529489061,3,4,1,,,,
commands/2254966/esp/19_0_3.wav,command,telegram,2254966,19,53,0,,,,
rejects/esp/up_39543cfd_nohash_0.wav,reject,google_speech,39543cfd,23,59,0,,,,
commands/971441735/esp/17_2_0.wav,command,telegram,971441735,17,50,0,,,,
rejects/esp/common_voice_es_37935932.wav,reject,mozilla,unknown,23,59,0,,,,
commands/6182670111/esp/0_0_0.wav,command,telegram,6182670111,0,0,0,,,,
commands/2254966/esp/11_5_0.wav,command,telegram,2254966,11,32,1,,,,
commands/604008470/esp/15_1_0.wav,command,telegram,604008470,15,40,1,,,,
commands/945222367/esp/18_0_0.wav,command,telegram,945222367,18,51,0,,,,
rejects/esp/cat_39543cfd_nohash_0.wav,reject,google_speech,39543cfd,23,59,0,,,,
rejects/esp/dog_b0f24c9b_nohash_2.wav,reject,google_speech,b0f24c9b,23,59,0,,,,
commands/604008470/esp/9_2_0.wav,command,telegram,604008470,9,23,1,,,,
rejects/esp/nine_bfa63751_nohash_0.wav,reject,google_speech,bfa63751,23,59,0,,,,
rejects/esp/cat_bfa63751_nohash_0.wav,reject,google_speech,bfa63751,23,59,0,,,,
commands/5637757826/esp/12_0_1.wav,command,telegram,5637757826,12,33,0,,,,
commands/2254966/esp/4_2_0.wav,command,telegram,2254966,4,8,0,,,,
commands/6182670111/esp/22_1_0.wav,command,telegram,6182670111,22,57,1,,,,
rejects/esp/common_voice_es_37922860.wav,reject,mozilla,unknown,23,59,0,,,,
rejects/esp/common_voice_es_37960022.wav,reject,mozilla,unknown,23,59,0,,,,
rejects/esp/common_voice_es_37910464.wav,reject,mozilla,unknown,23,59,0,,,,
commands/6182670111/esp/14_1_0.wav,command,telegram,6182670111,14,40,0,,,,
rejects/esp/down_3bfd30e6_nohash_0.wav,reject,google_speech,3bfd30e6,23,59,0,,,,
rejects/esp/three_bfa63751_nohash_0.wav,reject,google_speech,bfa63751,23,59,0,,,,
rejects/esp/yes_ca58a8c6_nohash_1.wav,reject,google_speech,ca58a8c6,23,59,0,,,,
rejects/esp/common_voice_es_37621012.wav,reject,mozilla,unknown,23,59,0,,,,
commands/529489061/esp/17_1_1.wav,command,telegram,529489061,17,49,0,,,,
commands/6182670111/esp/17_1_1.wav,command,telegram,6182670111,17,49,0,,,,
commands/604008470/esp/10_0_2.wav,command,telegram,604008470,10,27,0,,,,
commands/450427228/esp/9_2_0.wav,command,telegram,450427228,9,23,1,,,,
commands/2254966/esp/5_0_0.wav,command,telegram,2254966,5,6,1,,,,
commands/529489061/esp/1_1_2.wav,command,telegram,529489061,1,1,1,,,,
rejects/esp/common_voice_es_37654196.wav,reject,mozilla,unknown,23,59,0,,,,
commands/971441735/esp/3_2_1.wav,command,telegram,971441735,3,5,1,,,,
commands/945222367/esp/10_0_0.wav,command,telegram,945222367,10,27,0,,,,
commands/5637757826/esp/8_1_1.wav,command,telegram,5637757826,8,22,0,,,,
commands/702410657/esp/20_1_1.wav,command,telegram,702410657,20,55,0,,,,
commands/945222367/esp/4_1_0.wav,command,telegram,945222367,4,7,0,,,,
commands/450427228/esp/11_3_0.wav,command,telegram,450427228,11,30,1,,,,
commands/2254966/esp/14_1_0.wav,command,telegram,2254966,14,40,0,,,,
commands/2254966/esp/14_1_1.wav,command,telegram,2254966,14,40,0,,,,
rejects/esp/right_7bae88ed_nohash_0.wav,reject,google_speech,7bae88ed,23,59,0,,,,
rejects/esp/common_voice_es_37288509.wav,reject,mozilla,unknown,23,59,0,,,,
commands/971441735/esp/12_1_0.wav,command,telegram,971441735,12,34,0,,,,
rejects/esp/common_voice_es_37415494.wav,reject,mozilla,unknown,23,59,0,,,,
commands/529489061/esp/11_4_1.wav,command,telegram,529489061,11,31,1,,,,
rejects/esp/common_voice_es_37821143.wav,reject,mozilla,unknown,23,59,0,,,,
rejects/esp/common_voice_es_37456088.wav,reject,mozilla,unknown,23,59,0,,,,
commands/971441735/esp/22_2_0.wav,command,telegram,971441735,22,58,1,,,,
rejects/esp/common_voice_es_37458483.wav,reject,mozilla,unknown,23,59,0,,,,
commands/5637757826/esp/22_0_1.wav,command,telegram,5637757826,22,56,1,,,,
commands/604008470/esp/6_1_0.wav,command,telegram,604008470,6,16,0,,,,
commands/2254966/esp/6_1_0.wav,command,telegram,2254966,6,16,0,,,,
rejects/esp/bed_7fa5fa1f_nohash_0.wav,reject,google_speech,7fa5fa1f,23,59,0,,,,
rejects/esp/nine_c1d39ce8_nohash_3.wav,reject,google_speech,c1d39ce8,23,59,0,,,,
commands/6182670111/esp/15_5_0.wav,command,telegram,6182670111,15,44,1,,,,
commands/450427228/esp/7_0_0.wav,command,telegram,450427228,7,15,1,,,,
rejects/esp/common_voice_es_37488011.wav,reject,mozilla,unknown,23,59,0,,,,
rejects/esp/sheila_10c6d873_nohash_1.wav,reject,google_speech,10c6d873,23,59,0,,,,
commands/2254966/esp/0_0_0.wav,command,telegram,2254966,0,0,0,,,,
commands/604008470/esp/0_0_2.wav,command,telegram,604008470,0,0,0,,,,
commands/450427228/esp/13_4_0.wav,command,telegram,450427228,13,37,1,,,,
commands/2254966/esp/21_0_2.wav,command,telegram,2254966,21,56,0,,,,
commands/945222367/esp/11_1_0.wav,command,telegram,945222367,11,28,1,,,,
commands/6182670111/esp/20_0_0.wav,command,telegram,6182670111,20,54,0,,,,
commands/971441735/esp/21_0_2.wav,command,telegram,971441735,21,56,0,,,,
commands/529489061/esp/12_1_0.wav,command,telegram,529489061,12,34,0,,,,
commands/971441735/esp/10_0_1.wav,command,telegram,971441735,10,27,0,,,,
commands/6182670111/esp/20_1_0.wav,command,telegram,6182670111,20,55,0,,,,
rejects/esp/common_voice_es_37938481.wav,reject,mozilla,unknown,23,59,0,,,,
rejects/esp/left_ca58a8c6_nohash_1.wav,reject,google_speech,ca58a8c6,23,59,0,,,,
rejects/esp/off_3bfd30e6_nohash_0.wav,reject,google_speech,3bfd30e6,23,59,0,,,,
rejects/esp/common_voice_es_37844670.wav,reject,mozilla,unknown,23,59,0,,,,
commands/5637757826/esp/3_1_2.wav,command,telegram,5637757826,3,4,1,,,,
commands/6182670111/esp/13_1_1.wav,command,telegram,6182670111,13,34,1,,,,
commands/604008470/esp/21_0_2.wav,command,telegram,604008470,21,56,0,,,,
rejects/esp/common_voice_es_37502685.wav,reject,mozilla,unknown,23,59,0,,,,
commands/6182670111/esp/11_4_0.wav,command,telegram,6182670111,11,31,1,,,,
commands/529489061/esp/9_3_0.wav,command,telegram,529489061,9,24,1,,,,
commands/6182670111/esp/6_0_1.wav,command,telegram,6182670111,6,15,0,,,,
rejects/esp/common_voice_es_37651045.wav,reject,mozilla,unknown,23,59,0,,,,
commands/529489061/esp/20_0_1.wav,command,telegram,529489061,20,54,0,,,,
commands/2254966/esp/8_1_0.wav,command,telegram,2254966,8,22,0,,,,
commands/5637757826/esp/1_1_0.wav,command,telegram,5637757826,1,1,1,,,,
commands/945222367/esp/20_0_0.wav,command,telegram,945222367,20,54,0,,,,
commands/604008470/esp/5_4_0.wav,command,telegram,604008470,5,10,1,,,,
commands/450427228/esp/13_3_0.wav,command,telegram,450427228,13,36,1,,,,
rejects/esp/common_voice_es_37766328.wav,reject,mozilla,unknown,23,59,0,,,,
commands/5637757826/esp/7_4_0.wav,command,telegram,5637757826,7,19,1,,,,
commands/2254966/esp/1_1_0.wav,command,telegram,2254966,1,1,1,,,,
commands/604008470/esp/20_0_0.wav,command,telegram,604008470,20,54,0,,,,
rejects/esp/common_voice_es_37922683.wav,reject,mozilla,unknown,23,59,0,,,,
commands/529489061/esp/4_1_1.wav,command,telegram,529489061,4,7,0,,,,
rejects/esp/common_voice_es_37999623.wav,reject,mozilla,unknown,23,59,0,,,,
rejects/esp/up_37fc5d97_nohash_3.wav,reject,google_speech,37fc5d97,23,59,0,,,,
commands/604008470/esp/13_5_0.wav,command,telegram,604008470,13,38,1,,,,
commands/450427228/esp/0_0_0.wav,command,telegram,450427228,0,0,0,,,,
rejects/esp/two_0e5193e6_nohash_1.wav,reject,google_speech,0e5193e6,23,59,0,,,,
rejects/esp/six_bfa63751_nohash_0.wav,reject,google_speech,bfa63751,23,59,0,,,,
commands/5637757826/esp/2_0_2.wav,command,telegram,5637757826,2,3,0,,,,
commands/702410657/esp/7_1_0.wav,command,telegram,702410657,7,16,1,,,,
rejects/esp/common_voice_es_37946220.wav,reject,mozilla,unknown,23,59,0,,,,
rejects/esp/on_1b755c65_nohash_1.wav,reject,google_speech,1b755c65,23,59,0,,,,
commands/971441735/esp/19_0_0.wav,command,telegram,971441735,19,53,0,,,,
rejects/esp/common_voice_es_37544269.wav,reject,mozilla,unknown,23,59,0,,,,
commands/702410657/esp/9_4_1.wav,command,telegram,702410657,9,25,1,,,,
commands/6182670111/esp/11_2_0.wav,command,telegram,6182670111,11,29,1,,,,
commands/702410657/esp/21_0_2.wav,command,telegram,702410657,21,56,0,,,,
rejects/esp/common_voice_es_37435322.wav,reject,mozilla,unknown,23,59,0,,,,
commands/971441735/esp/3_2_3.wav,command,telegram,971441735,3,5,1,,,,
commands/529489061/esp/18_0_0.wav,command,telegram,529489061,18,51,0,,,,
commands/702410657/esp/4_0_0.wav,command,telegram,702410657,4,6,0,,,,
commands/5214515480/esp/19_0_0.wav,command,telegram,5214515480,19,53,0,,,,
rejects/esp/zero_ca58a8c6_nohash_1.wav,reject,google_speech,ca58a8c6,23,59,0,,,,
rejects/esp/common_voice_es_37650687.wav,reject,mozilla,unknown,23,59,0,,,,
rejects/esp/common_voice_es_37731674.wav,reject,mozilla,unknown,23,59,0,,,,
rejects/esp/common_voice_es_37978227.wav,reject,mozilla,unknown,23,59,0,,,,
rejects/esp/four_3bfd30e6_nohash_0.wav,reject,google_speech,3bfd30e6,23,59,0,,,,
rejects/esp/off_7fa5fa1f_nohash_0.wav,reject,google_speech,7fa5fa1f,23,59,0,,,,
commands/971441735/esp/16_0_0.wav,command,telegram,971441735,16,45,0,,,,
rejects/esp/common_voice_es_37952448.wav,reject,mozilla,unknown,23,59,0,,,,
commands/450427228/esp/7_2_0.wav,command,telegram,450427228,7,17,1,,,,
commands/450427228/esp/6_0_0.wav,command,telegram,450427228,6,15,0,,,,
commands/529489061/esp/21_0_0.wav,command,telegram,529489061,21,56,0,,,,
rejects/esp/cat_d8a5ace5_nohash_1.wav,reject,google_speech,d8a5ace5,23,59,0,,,,
commands/604008470/esp/10_0_0.wav,command,telegram,604008470,10,27,0,,,,
rejects/esp/common_voice_es_37796375.wav,reject,mozilla,unknown,23,59,0,,,,
commands/945222367/esp/7_0_0.wav,command,telegram,945222367,7,15,1,,,,
commands/971441735/esp/17_0_0.wav,command,telegram,971441735,17,48,0,,,,
commands/945222367/esp/17_0_1.wav,command,telegram,945222367,17,48,0,,,,
commands/6182670111/esp/9_5_0.wav,command,telegram,6182670111,9,26,1,,,,
commands/529489061/esp/11_4_0.wav,command,telegram,529489061,11,31,1,,,,
commands/450427228/esp/12_1_0.wav,command,telegram,450427228,12,34,0,,,,
rejects/esp/common_voice_es_37969809.wav,reject,mozilla,unknown,23,59,0,,,,
commands/945222367/esp/15_0_0.wav,command,telegram,945222367,15,39,1,,,,
rejects/esp/two_3bfd30e6_nohash_0.wav,reject,google_speech,3bfd30e6,23,59,0,,,,
commands/5637757826/esp/17_0_0.wav,command,telegram,5637757826,17,48,0,,,,
rejects/esp/common_voice_es_37502646.wav,reject,mozilla,unknown,23,59,0,,,,
commands/6182670111/esp/3_1_1.wav,command,telegram,6182670111,3,4,1,,,,
commands/971441735/esp/3_2_0.wav,command,telegram,971441735,3,5,1,,,,
commands/6182670111/esp/19_0_0.wav,command,telegram,6182670111,19,53,0,,,,
commands/529489061/esp/6_0_0.wav,command,telegram,529489061,6,15,0,,,,
rejects/esp/three_39543cfd_nohash_0.wav,reject,google_speech,39543cfd,23,59,0,,,,
commands/604008470/esp/9_3_0.wav,command,telegram,604008470,9,24,1,,,,
commands/945222367/esp/12_0_1.wav,command,telegram,945222367,12,33,0,,,,
commands/971441735/esp/10_0_0.wav,command,telegram,971441735,10,27,0,,,,
rejects/esp/wow_3bfd30e6_nohash_0.wav,reject,google_speech,3bfd30e6,23,59,0,,,,
commands/6182670111/esp/0_0_3.wav,command,telegram,6182670111,0,0,0,,,,
rejects/esp/common_voice_es_37426517.wav,reject,mozilla,unknown,23,59,0,,,,
commands/2254966/esp/15_3_0.wav,command,telegram,2254966,15,42,1,,,,
commands/702410657/esp/22_0_0.wav,command,telegram,702410657,22,56,1,,,,
rejects/esp/up_94e6864f_nohash_0.wav,reject,google_speech,94e6864f,23,59,0,,,,
rejects/esp/dog_3bfd30e6_nohash_0.wav,reject,google_speech,3bfd30e6,23,59,0,,,,
commands/945222367/esp/9_4_1.wav,command,telegram,945222367,9,25,1,,,,
commands/6182670111/esp/4_2_3.wav,command,telegram,6182670111,4,8,0,,,,
rejects/esp/common_voice_es_37731696.wav,reject,mozilla,unknown,23,59,0,,,,
commands/945222367/esp/17_0_2.wav,command,telegram,945222367,17,48,0,,,,
rejects/esp/marvin_3a789a0d_nohash_4.wav,reject,google_speech,3a789a0d,23,59,0,,,,
commands/5637757826/esp/5_4_0.wav,command,telegram,5637757826,5,10,1,,,,
rejects/esp/zero_0e5193e6_nohash_1.wav,reject,google_speech,0e5193e6,23,59,0,,,,
rejects/esp/four_7bae88ed_nohash_0.wav,reject,google_speech,7bae88ed,23,59,0,,,,
commands/604008470/esp/8_1_1.wav,command,telegram,604008470,8,22,0,,,,
commands/702410657/esp/21_0_0.wav,command,telegram,702410657,21,56,0,,,,
commands/971441735/esp/8_0_1.wav,command,telegram,971441735,8,21,0,,,,
commands/6182670111/esp/18_0_0.wav,command,telegram,6182670111,18,51,0,,,,
commands/945222367/esp/22_0_0.wav,command,telegram,945222367,22,56,1,,,,
commands/604008470/esp/6_1_1.wav,command,telegram,604008470,6,16,0,,,,
rejects/esp/common_voice_es_37913274.wav,reject,mozilla,unknown,23,59,0,,,,
rejects/esp/zero_3bfd30e6_nohash_0.wav,reject,google_speech,3bfd30e6,23,59,0,,,,
commands/971441735/esp/14_1_0.wav,command,telegram,971441735,14,40,0,,,,
rejects/esp/common_voice_es_37360280.wav,reject,mozilla,unknown,23,59,0,,,,
commands/5637757826/esp/15_1_1.wav,command,telegram,5637757826,15,40,1,,,,
commands/945222367/esp/1_1_1.wav,command,telegram,945222367,1,1,1,,,,
rejects/esp/common_voice_es_37441530.wav,reject,mozilla,unknown,23,59,0,,,,
rejects/esp/yes_c1d39ce8_nohash_3.wav,reject,google_speech,c1d39ce8,23,59,0,,,,
rejects/esp/on_c1d39ce8_nohash_3.wav,reject,google_speech,c1d39ce8,23,59,0,,,,
rejects/esp/two_324210dd_nohash_2.wav,reject,google_speech,324210dd,23,59,0,,,,
commands/971441735/esp/1_0_0.wav,command,telegram,971441735,1,0,1,,,,
commands/529489061/esp/14_1_0.wav,command,telegram,529489061,14,40,0,,,,
commands/971441735/esp/18_1_0.wav,command,telegram,971441735,18,52,0,,,,
rejects/esp/common_voice_es_37821196.wav,reject,mozilla,unknown,23,59,0,,,,
rejects/esp/common_voice_es_37515731.wav,reject,mozilla,unknown,23,59,0,,,,
commands/604008470/esp/7_4_0.wav,command,telegram,604008470,7,19,1,,,,
commands/604008470/esp/22_2_1.wav,command,telegram,604008470,22,58,1,,,,
commands/6182670111/esp/17_2_0.wav,command,telegram,6182670111,17,50,0,,,,
commands/6182670111/esp/4_2_1.wav,command,telegram,6182670111,4,8,0,,,,
commands/529489061/esp/19_0_3.wav,command,telegram,529489061,19,53,0,,,,
rejects/esp/common_voice_es_37952217.wav,reject,mozilla,unknown,23,59,0,,,,
rejects/esp/six_324210dd_nohash_2.wav,reject,google_speech,324210dd,23,59,0,,,,
rejects/esp/common_voice_es_37757031.wav,reject,mozilla,unknown,23,59,0,,,,
commands/450427228/esp/2_0_0.wav,command,telegram,450427228,2,3,0,,,,
commands/529489061/esp/13_2_1.wav,command,telegram,529489061,13,35,1,,,,
commands/529489061/esp/4_1_0.wav,command,telegram,529489061,4,7,0,,,,
rejects/esp/bird_bfa63751_nohash_0.wav,reject,google_speech,bfa63751,23,59,0,,,,
commands/529489061/esp/16_2_0.wav,command,telegram,529489061,16,47,0,,,,
commands/5637757826/esp/9_0_1.wav,command,telegram,5637757826,9,21,1,,,,
rejects/esp/common_voice_es_37978235.wav,reject,mozilla,unknown,23,59,0,,,,
rejects/esp/seven_94e6864f_nohash_0.wav,reject,google_speech,94e6864f,23,59,0,,,,
rejects/esp/left_3bfd30e6_nohash_0.wav,reject,google_speech,3bfd30e6,23,59,0,,,,
commands/2254966/esp/1_0_0.wav,command,telegram,2254966,1,0,1,,,,
rejects/esp/common_voice_es_37993324.wav,reject,mozilla,unknown,23,59,0,,,,
commands/604008470/esp/8_0_0.wav,command,telegram,604008470,8,21,0,,,,
commands/971441735/esp/13_1_0.wav,command,telegram,971441735,13,34,1,,,,
rejects/esp/up_324210dd_nohash_2.wav,reject,google_speech,324210dd,23,59,0,,,,
rejects/esp/common_voice_es_37313590.wav,reject,mozilla,unknown,23,59,0,,,,
commands/6182670111/esp/12_0_2.wav,command,telegram,6182670111,12,33,0,,,,
commands/529489061/esp/8_0_0.wav,command,telegram,529489061,8,21,0,,,,
commands/971441735/esp/13_3_0.wav,command,telegram,971441735,13,36,1,,,,
commands/604008470/esp/13_4_0.wav,command,telegram,604008470,13,37,1,,,,
commands/529489061/esp/6_0_1.wav,command,telegram,529489061,6,15,0,,,,
rejects/esp/off_df280250_nohash_1.wav,reject,google_speech,df280250,23,59,0,,,,
rejects/esp/common_voice_es_37415855.wav,reject,mozilla,unknown,23,59,0,,,,
commands/604008470/esp/20_0_2.wav,command,telegram,604008470,20,54,0,,,,
commands/604008470/esp/17_2_0.wav,command,telegram,604008470,17,50,0,,,,
rejects/esp/bed_3bfd30e6_nohash_0.wav,reject,google_speech,3bfd30e6,23,59,0,,,,
commands/529489061/esp/7_0_0.wav,command,telegram,529489061,7,15,1,,,,
commands/971441735/esp/12_0_2.wav,command,telegram,971441735,12,33,0,,,,
commands/450427228/esp/20_0_0.wav,command,telegram,450427228,20,54,0,,,,
commands/6182670111/esp/14_1_2.wav,command,telegram,6182670111,14,40,0,,,,
commands/529489061/esp/22_1_2.wav,command,telegram,529489061,22,57,1,,,,
commands/604008470/esp/1_2_1.wav,command,telegram,604008470,1,2,1,,,,
commands/2254966/esp/0_0_2.wav,command,telegram,2254966,0,0,0,,,,
commands/2254966/esp/3_1_1.wav,command,telegram,2254966,3,4,1,,,,
rejects/esp/three_3bfd30e6_nohash_0.wav,reject,google_speech,3bfd30e6,23,59,0,,,,
commands/945222367/esp/17_2_0.wav,command,telegram,945222367,17,50,0,,,,
rejects/esp/no_14872d06_nohash_0.wav,reject,google_speech,14872d06,23,59,0,,,,
commands/971441735/esp/9_1_0.wav,command,telegram,971441735,9,22,1,,,,
commands/971441735/esp/22_1_1.wav,command,telegram,971441735,22,57,1,,,,
commands/5637757826/esp/9_0_2.wav,command,telegram,5637757826,9,21,1,,,,
commands/945222367/esp/12_0_2.wav,command,telegram,945222367,12,33,0,,,,
commands/702410657/esp/12_1_1.wav,command,telegram,702410657,12,34,0,,,,
commands/945222367/esp/21_0_1.wav,command,telegram,945222367,21,56,0,,,,
commands/2254966/esp/11_1_0.wav,command,telegram,2254966,11,28,1,,,,
rejects/esp/marvin_c5c60d8d_nohash_1.wav,reject,google_speech,c5c60d8d,23,59,0,,,,
commands/702410657/esp/2_0_0.wav,command,telegram,702410657,2,3,0,,,,
commands/5637757826/esp/7_4_1.wav,command,telegram,5637757826,7,19,1,,,,
commands/2254966/esp/6_1_2.wav,command,telegram,2254966,6,16,0,,,,
rejects/esp/right_37fc5d97_nohash_3.wav,reject,google_speech,37fc5d97,23,59,0,,,,
rejects/esp/bed_f35eedd7_nohash_1.wav,reject,google_speech,f35eedd7,23,59,0,,,,
rejects/esp/common_voice_es_37960018.wav,reject,mozilla,unknown,23,59,0,,,,
commands/6182670111/esp/1_0_0.wav,command,telegram,6182670111,1,0,1,,,,
rejects/esp/common_voice_es_37333049.wav,reject,mozilla,unknown,23,59,0,,,,
commands/5637757826/esp/11_5_0.wav,command,telegram,5637757826,11,32,1,,,,
rejects/esp/common_voice_es_37488051.wav,reject,mozilla,unknown,23,59,0,,,,
commands/604008470/esp/16_2_0.wav,command,telegram,604008470,16,47,0,,,,
commands/945222367/esp/2_0_1.wav,command,telegram,945222367,2,3,0,,,,
rejects/esp/common_voice_es_37884819.wav,reject,mozilla,unknown,23,59,0,,,,
commands/702410657/esp/12_1_0.wav,command,telegram,702410657,12,34,0,,,,
rejects/esp/five_324210dd_nohash_2.wav,reject,google_speech,324210dd,23,59,0,,,,
rejects/esp/zero_324210dd_nohash_2.wav,reject,google_speech,324210dd,23,59,0,,,,
rejects/esp/common_voice_es_37856261.wav,reject,mozilla,unknown,23,59,0,,,,
rejects/esp/six_71e6ab20_nohash_1.wav,reject,google_speech,71e6ab20,23,59,0,,,,
rejects/esp/eight_c1d39ce8_nohash_3.wav,reject,google_speech,c1d39ce8,23,59,0,,,,
commands/971441735/esp/7_0_0.wav,command,telegram,971441735,7,15,1,,,,
commands/2254966/esp/17_0_0.wav,command,telegram,2254966,17,48,0,,,,
commands/5637757826/esp/19_0_1.wav,command,telegram,5637757826,19,53,0,,,,
commands/450427228/esp/15_0_0.wav,command,telegram,450427228,15,39,1,,,,
commands/971441735/esp/4_2_0.wav,command,telegram,971441735,4,8,0,,,,
rejects/esp/happy_39543cfd_nohash_0.wav,reject,google_speech,39543cfd,23,59,0,,,,
rejects/esp/common_voice_es_37411940.wav,reject,mozilla,unknown,23,59,0,,,,
commands/2254966/esp/10_1_0.wav,command,telegram,2254966,10,28,0,,,,
commands/971441735/esp/7_2_0.wav,command,telegram,971441735,7,17,1,,,,
commands/945222367/esp/8_0_1.wav,command,telegram,945222367,8,21,0,,,,
commands/6182670111/esp/10_1_1.wav,command,telegram,6182670111,10,28,0,,,,
commands/702410657/esp/19_0_2.wav,command,telegram,702410657,19,53,0,,,,
commands/604008470/esp/13_2_0.wav,command,telegram,604008470,13,35,1,,,,
rejects/esp/common_voice_es_37872624.wav,reject,mozilla,unknown,23,59,0,,,,
commands/702410657/esp/17_2_0.wav,command,telegram,702410657,17,50,0,,,,
commands/2254966/esp/16_2_0.wav,command,telegram,2254966,16,47,0,,,,
rejects/esp/seven_d1453a87_nohash_1.wav,reject,google_speech,d1453a87,23,59,0,,,,
commands/2254966/esp/21_0_0.wav,command,telegram,2254966,21,56,0,,,,
rejects/esp/common_voice_es_37796475.wav,reject,mozilla,unknown,23,59,0,,,,
rejects/esp/common_voice_es_37740483.wav,reject,mozilla,unknown,23,59,0,,,,
rejects/esp/sheila_a108341b_nohash_0.wav,reject,google_speech,a108341b,23,59,0,,,,
commands/971441735/esp/4_0_0.wav,command,telegram,971441735,4,6,0,,,,
commands/2254966/esp/19_0_2.wav,command,telegram,2254966,19,53,0,,,,
commands/2254966/esp/2_0_0.wav,command,telegram,2254966,2,3,0,,,,
rejects/esp/cat_0e5193e6_nohash_1.wav,reject,google_speech,0e5193e6,23,59,0,,,,
rejects/esp/eight_bfa63751_nohash_0.wav,reject,google_speech,bfa63751,23,59,0,,,,
commands/529489061/esp/16_1_0.wav,command,telegram,529489061,16,46,0,,,,
rejects/esp/common_voice_es_37544520.wav,reject,mozilla,unknown,23,59,0,,,,
commands/6182670111/esp/1_2_0.wav,command,telegram,6182670111,1,2,1,,,,
rejects/esp/common_voice_es_37960037.wav,reject,mozilla,unknown,23,59,0,,,,
commands/945222367/esp/17_0_0.wav,command,telegram,945222367,17,48,0,,,,
commands/450427228/esp/11_5_0.wav,command,telegram,450427228,11,32,1,,,,
rejects/esp/common_voice_es_37429339.wav,reject,mozilla,unknown,23,59,0,,,,
commands/945222367/esp/9_3_0.wav,command,telegram,945222367,9,24,1,,,,
rejects/esp/tree_3bfd30e6_nohash_0.wav,reject,google_speech,3bfd30e6,23,59,0,,,,
commands/529489061/esp/12_1_2.wav,command,telegram,529489061,12,34,0,,,,
rejects/esp/common_voice_es_37424875.wav,reject,mozilla,unknown,23,59,0,,,,
commands/702410657/esp/19_0_0.wav,command,telegram,702410657,19,53,0,,,,
rejects/esp/tree_459345ea_nohash_0.wav,reject,google_speech,459345ea,23,59,0,,,,
commands/945222367/esp/15_5_0.wav,command,telegram,945222367,15,44,1,,,,
commands/604008470/esp/16_0_0.wav,command,telegram,604008470,16,45,0,,,,
rejects/esp/common_voice_es_37475818.wav,reject,mozilla,unknown,23,59,0,,,,
rejects/esp/common_voice_es_37598613.wav,reject,mozilla,unknown,23,59,0,,,,
commands/529489061/esp/2_0_2.wav,command,telegram,529489061,2,3,0,,,,
commands/529489061/esp/20_0_2.wav,command,telegram,529489061,20,54,0,,,,
commands/971441735/esp/4_1_0.wav,command,telegram,971441735,4,7,0,,,,
commands/2254966/esp/2_0_3.wav,command,telegram,2254966,2,3,0,,,,
rejects/esp/common_voice_es_37613847.wav,reject,mozilla,unknown,23,59,0,,,,
rejects/esp/down_39543cfd_nohash_0.wav,reject,google_speech,39543cfd,23,59,0,,,,
rejects/esp/up_f35eedd7_nohash_1.wav,reject,google_speech,f35eedd7,23,59,0,,,,
commands/450427228/esp/9_3_0.wav,command,telegram,450427228,9,24,1,,,,
commands/529489061/esp/13_5_0.wav,command,telegram,529489061,13,38,1,,,,
commands/6182670111/esp/5_2_0.wav,command,telegram,6182670111,5,8,1,,,,
commands/945222367/esp/19_0_3.wav,command,telegram,945222367,19,53,0,,,,
commands/945222367/esp/20_1_1.wav,command,telegram,945222367,20,55,0,,,,
commands/450427228/esp/3_2_0.wav,command,telegram,450427228,3,5,1,,,,
commands/604008470/esp/1_2_2.wav,command,telegram,604008470,1,2,1,,,,
commands/2254966/esp/8_0_0.wav,command,telegram,2254966,8,21,0,,,,
rejects/esp/off_c1d39ce8_nohash_3.wav,reject,google_speech,c1d39ce8,23,59,0,,,,
commands/702410657/esp/18_0_0.wav,command,telegram,702410657,18,51,0,,,,
commands/6182670111/esp/6_0_0.wav,command,telegram,6182670111,6,15,0,,,,
commands/971441735/esp/14_0_0.wav,command,telegram,971441735,14,39,0,,,,
rejects/esp/right_324210dd_nohash_2.wav,reject,google_speech,324210dd,23,59,0,,,,
commands/450427228/esp/9_1_0.wav,command,telegram,450427228,9,22,1,,,,
commands/5637757826/esp/8_0_0.wav,command,telegram,5637757826,8,21,0,,,,
commands/5637757826/esp/14_0_1.wav,command,telegram,5637757826,14,39,0,,,,
commands/2254966/esp/12_1_3.wav,command,telegram,2254966,12,34,0,,,,
commands/2254966/esp/14_0_0.wav,command,telegram,2254966,14,39,0,,,,
commands/2254966/esp/20_1_2.wav,command,telegram,2254966,20,55,0,,,,
commands/971441735/esp/2_0_1.wav,command,telegram,971441735,2,3,0,,,,
commands/702410657/esp/16_1_2.wav,command,telegram,702410657,16,46,0,,,,
commands/945222367/esp/8_1_1.wav,command,telegram,945222367,8,22,0,,,,
commands/604008470/esp/19_0_0.wav,command,telegram,604008470,19,53,0,,,,
commands/702410657/esp/17_2_1.wav,command,telegram,702410657,17,50,0,,,,
rejects/esp/common_voice_es_37487737.wav,reject,mozilla,unknown,23,59,0,,,,
rejects/esp/one_71e6ab20_nohash_1.wav,reject,google_speech,71e6ab20,23,59,0,,,,
commands/5637757826/esp/13_0_1.wav,command,telegram,5637757826,13,33,1,,,,
rejects/esp/sheila_3bfd30e6_nohash_0.wav,reject,google_speech,3bfd30e6,23,59,0,,,,
commands/945222367/esp/7_3_0.wav,command,telegram,945222367,7,18,1,,,,
rejects/esp/down_0e5193e6_nohash_1.wav,reject,google_speech,0e5193e6,23,59,0,,,,
commands/702410657/esp/22_0_1.wav,command,telegram,702410657,22,56,1,,,,
commands/702410657/esp/4_2_0.wav,command,telegram,702410657,4,8,0,,,,
rejects/esp/seven_c1d39ce8_nohash_3.wav,reject,google_speech,c1d39ce8,23,59,0,,,,
rejects/esp/tree_fc2411fe_nohash_1.wav,reject,google_speech,fc2411fe,23,59,0,,,,
commands/5637757826/esp/2_0_3.wav,command,telegram,5637757826,2,3,0,,,,
commands/450427228/esp/11_4_0.wav,command,telegram,450427228,11,31,1,,,,
commands/529489061/esp/7_4_0.wav,command,telegram,529489061,7,19,1,,,,
rejects/esp/sheila_d1453a87_nohash_1.wav,reject,google_speech,d1453a87,23,59,0,,,,
rejects/esp/common_voice_es_37596468.wav,reject,mozilla,unknown,23,59,0,,,,
commands/6182670111/esp/18_0_1.wav,command,telegram,6182670111,18,51,0,,,,
commands/604008470/esp/14_1_0.wav,command,telegram,604008470,14,40,0,,,,
commands/971441735/esp/20_1_0.wav,command,telegram,971441735,20,55,0,,,,
rejects/esp/zero_39543cfd_nohash_0.wav,reject,google_speech,39543cfd,23,59,0,,,,
rejects/esp/common_voice_es_37938457.wav,reject,mozilla,unknown,23,59,0,,,,
commands/2254966/esp/6_1_1.wav,command,telegram,2254966,6,16,0,,,,
commands/2254966/esp/14_1_2.wav,command,telegram,2254966,14,40,0,,,,
rejects/esp/go_c25a032b_nohash_2.wav,reject,google_speech,c25a032b,23,59,0,,,,
commands/450427228/esp/15_2_0.wav,command,telegram,450427228,15,41,1,,,,
commands/702410657/esp/7_2_0.wav,command,telegram,702410657,7,17,1,,,,
rejects/esp/common_voice_es_37488247.wav,reject,mozilla,unknown,23,59,0,,,,
commands/5637757826/esp/2_0_1.wav,command,telegram,5637757826,2,3,0,,,,
commands/702410657/esp/15_4_0.wav,command,telegram,702410657,15,43,1,,,,
rejects/esp/bed_bfa63751_nohash_0.wav,reject,google_speech,bfa63751,23,59,0,,,,
commands/5637757826/esp/4_0_0.wav,command,telegram,5637757826,4,6,0,,,,
rejects/esp/common_voice_es_37404797.wav,reject,mozilla,unknown,23,59,0,,,,
commands/529489061/esp/0_0_2.wav,command,telegram,529489061,0,0,0,,,,
commands/5637757826/esp/20_1_2.wav,command,telegram,5637757826,20,55,0,,,,
rejects/esp/marvin_94e6864f_nohash_0.wav,reject,google_speech,94e6864f,23,59,0,,,,
rejects/esp/common_voice_es_37900421.wav,reject,mozilla,unknown,23,59,0,,,,
commands/450427228/esp/14_1_0.wav,command,telegram,450427228,14,40,0,,,,
rejects/esp/common_voice_es_37837078.wav,reject,mozilla,unknown,23,59,0,,,,
commands/604008470/esp/19_0_2.wav,command,telegram,604008470,19,53,0,,,,
commands/6182670111/esp/9_0_0.wav,command,telegram,6182670111,9,21,1,,,,
commands/529489061/esp/17_0_0.wav,command,telegram,529489061,17,48,0,,,,
commands/6182670111/esp/1_1_0.wav,command,telegram,6182670111,1,1,1,,,,
rejects/esp/on_39543cfd_nohash_0.wav,reject,google_speech,39543cfd,23,59,0,,,,
commands/5637757826/esp/22_2_0.wav,command,telegram,5637757826,22,58,1,,,,
commands/5637757826/esp/0_0_2.wav,command,telegram,5637757826,0,0,0,,,,
commands/2254966/esp/12_1_1.wav,command,telegram,2254966,12,34,0,,,,
commands/604008470/esp/14_1_1.wav,command,telegram,604008470,14,40,0,,,,
commands/5637757826/esp/5_3_0.wav,command,telegram,5637757826,5,9,1,,,,
commands/702410657/esp/12_0_0.wav,command,telegram,702410657,12,33,0,,,,
commands/971441735/esp/0_0_0.wav,command,telegram,971441735,0,0,0,,,,
rejects/esp/two_94e6864f_nohash_0.wav,reject,google_speech,94e6864f,23,59,0,,,,
commands/2254966/esp/17_2_0.wav,command,telegram,2254966,17,50,0,,,,
commands/2254966/esp/4_1_1.wav,command,telegram,2254966,4,7,0,,,,
commands/971441735/esp/6_0_0.wav,command,telegram,971441735,6,15,0,,,,
rejects/esp/down_71e6ab20_nohash_1.wav,reject,google_speech,71e6ab20,23,59,0,,,,
commands/6182670111/esp/6_1_0.wav,command,telegram,6182670111,6,16,0,,,,
commands/702410657/esp/19_0_1.wav,command,telegram,702410657,19,53,0,,,,
rejects/esp/common_voice_es_37934309.wav,reject,mozilla,unknown,23,59,0,,,,
rejects/esp/house_bfa63751_nohash_0.wav,reject,google_speech,bfa63751,23,59,0,,,,
commands/702410657/esp/0_0_2.wav,command,telegram,702410657,0,0,0,,,,
commands/2254966/esp/21_0_1.wav,command,telegram,2254966,21,56,0,,,,
rejects/esp/left_d8a5ace5_nohash_1.wav,reject,google_speech,d8a5ace5,23,59,0,,,,
commands/450427228/esp/9_4_0.wav,command,telegram,450427228,9,25,1,,,,
commands/945222367/esp/16_0_0.wav,command,telegram,945222367,16,45,0,,,,
commands/6182670111/esp/20_1_1.wav,command,telegram,6182670111,20,55,0,,,,
commands/945222367/esp/15_3_0.wav,command,telegram,945222367,15,42,1,,,,
commands/945222367/esp/12_0_0.wav,command,telegram,945222367,12,33,0,,,,
commands/450427228/esp/13_5_0.wav,command,telegram,450427228,13,38,1,,,,
rejects/esp/dog_0e5193e6_nohash_1.wav,reject,google_speech,0e5193e6,23,59,0,,,,
rejects/esp/down_ca58a8c6_nohash_1.wav,reject,google_speech,ca58a8c6,23,59,0,,,,
commands/702410657/esp/4_2_1.wav,command,telegram,702410657,4,8,0,,,,
commands/702410657/esp/20_1_0.wav,command,telegram,702410657,20,55,0,,,,
rejects/esp/common_voice_es_37907173.wav,reject,mozilla,unknown,23,59,0,,,,
rejects/esp/happy_bfa63751_nohash_0.wav,reject,google_speech,bfa63751,23,59,0,,,,
rejects/esp/eight_324210dd_nohash_2.wav,reject,google_speech,324210dd,23,59,0,,,,
commands/6182670111/esp/10_1_0.wav,command,telegram,6182670111,10,28,0,,,,
commands/2254966/esp/1_1_1.wav,command,telegram,2254966,1,1,1,,,,
commands/5637757826/esp/13_1_0.wav,command,telegram,5637757826,13,34,1,,,,
commands/529489061/esp/21_0_1.wav,command,telegram,529489061,21,56,0,,,,
commands/2254966/esp/11_0_0.wav,command,telegram,2254966,11,27,1,,,,
commands/5637757826/esp/14_0_0.wav,command,telegram,5637757826,14,39,0,,,,
rejects/esp/no_324210dd_nohash_2.wav,reject,google_speech,324210dd,23,59,0,,,,
commands/2254966/esp/22_2_0.wav,command,telegram,2254966,22,58,1,,,,
rejects/esp/common_voice_es_37495939.wav,reject,mozilla,unknown,23,59,0,,,,
commands/529489061/esp/2_0_0.wav,command,telegram,529489061,2,3,0,,,,
rejects/esp/no_bfa63751_nohash_0.wav,reject,google_speech,bfa63751,23,59,0,,,,
commands/529489061/esp/21_0_3.wav,command,telegram,529489061,21,56,0,,,,
commands/5637757826/esp/16_2_1.wav,command,telegram,5637757826,16,47,0,,,,
rejects/esp/happy_d1453a87_nohash_1.wav,reject,google_speech,d1453a87,23,59,0,,,,
commands/2254966/esp/13_1_0.wav,command,telegram,2254966,13,34,1,,,,
rejects/esp/common_voice_es_37952416.wav,reject,mozilla,unknown,23,59,0,,,,
rejects/esp/common_voice_es_37650632.wav,reject,mozilla,unknown,23,59,0,,,,
commands/604008470/esp/7_5_0.wav,command,telegram,604008470,7,20,1,,,,
commands/971441735/esp/17_0_1.wav,command,telegram,971441735,17,48,0,,,,
rejects/esp/common_voice_es_37796540.wav,reject,mozilla,unknown,23,59,0,,,,
commands/971441735/esp/6_1_0.wav,command,telegram,971441735,6,16,0,,,,
commands/529489061/esp/0_0_3.wav,command,telegram,529489061,0,0,0,,,,
rejects/esp/no_533c6564_nohash_0.wav,reject,google_speech,533c6564,23,59,0,,,,
rejects/esp/house_00b01445_nohash_2.wav,reject,google_speech,00b01445,23,59,0,,,,
commands/6182670111/esp/3_0_0.wav,command,telegram,6182670111,3,3,1,,,,
commands/5637757826/esp/5_1_0.wav,command,telegram,5637757826,5,7,1,,,,
commands/604008470/esp/17_1_0.wav,command,telegram,604008470,17,49,0,,,,
commands/529489061/esp/1_2_0.wav,command,telegram,529489061,1,2,1,,,,
rejects/esp/common_voice_es_37845834.wav,reject,mozilla,unknown,23,59,0,,,,
rejects/esp/one_7fa5fa1f_nohash_0.wav,reject,google_speech,7fa5fa1f,23,59,0,,,,
rejects/esp/on_324210dd_nohash_2.wav,reject,google_speech,324210dd,23,59,0,,,,
commands/604008470/esp/19_0_3.wav,command,telegram,604008470,19,53,0,,,,
commands/529489061/esp/22_1_1.wav,command,telegram,529489061,22,57,1,,,,
commands/5637757826/esp/11_3_0.wav,command,telegram,5637757826,11,30,1,,,,
commands/2254966/esp/6_0_0.wav,command,telegram,2254966,6,15,0,,,,
commands/5637757826/esp/8_1_0.wav,command,telegram,5637757826,8,22,0,,,,
rejects/esp/two_00b01445_nohash_2.wav,reject,google_speech,00b01445,23,59,0,,,,
rejects/esp/common_voice_es_37923277.wav,reject,mozilla,unknown,23,59,0,,,,
commands/945222367/esp/14_0_0.wav,command,telegram,945222367,14,39,0,,,,
rejects/esp/common_voice_es_37436057.wav,reject,mozilla,unknown,23,59,0,,,,
commands/6182670111/esp/7_2_0.wav,command,telegram,6182670111,7,17,1,,,,
commands/702410657/esp/16_1_0.wav,command,telegram,702410657,16,46,0,,,,
commands/5637757826/esp/16_2_0.wav,command,telegram,5637757826,16,47,0,,,,
commands/604008470/esp/10_0_1.wav,command,telegram,604008470,10,27,0,,,,
commands/450427228/esp/5_4_0.wav,command,telegram,450427228,5,10,1,,,,
commands/945222367/esp/14_1_2.wav,command,telegram,945222367,14,40,0,,,,
commands/945222367/esp/10_1_2.wav,command,telegram,945222367,10,28,0,,,,
rejects/esp/common_voice_es_37596633.wav,reject,mozilla,unknown,23,59,0,,,,
commands/971441735/esp/17_2_1.wav,command,telegram,971441735,17,50,0,,,,
commands/450427228/esp/14_0_0.wav,command,telegram,450427228,14,39,0,,,,
commands/5637757826/esp/6_0_0.wav,command,telegram,5637757826,6,15,0,,,,
commands/2254966/esp/7_5_0.wav,command,telegram,2254966,7,20,1,,,,
commands/5637757826/esp/15_1_0.wav,command,telegram,5637757826,15,40,1,,,,
commands/529489061/esp/17_2_0.wav,command,telegram,529489061,17,50,0,,,,
rejects/esp/common_voice_es_37560599.wav,reject,mozilla,unknown,23,59,0,,,,
commands/5637757826/esp/21_0_1.wav,command,telegram,5637757826,21,56,0,,,,
commands/971441735/esp/12_0_0.wav,command,telegram,971441735,12,33,0,,,,
commands/945222367/esp/14_1_0.wav,command,telegram,945222367,14,40,0,,,,
commands/2254966/esp/11_0_1.wav,command,telegram,2254966,11,27,1,,,,
commands/945222367/esp/13_4_0.wav,command,telegram,945222367,13,37,1,,,,
rejects/esp/seven_d952a17e_nohash_3.wav,reject,google_speech,d952a17e,23,59,0,,,,
commands/529489061/esp/8_0_1.wav,command,telegram,529489061,8,21,0,,,,
commands/6182670111/esp/21_0_3.wav,command,telegram,6182670111,21,56,0,,,,
commands/450427228/esp/5_8_0.wav,command,telegram,450427228,5,14,1,,,,
commands/702410657/esp/3_2_0.wav,command,telegram,702410657,3,5,1,,,,
commands/702410657/esp/17_1_0.wav,command,telegram,702410657,17,49,0,,,,
commands/971441735/esp/13_4_0.wav,command,telegram,971441735,13,37,1,,,,
rejects/esp/common_voice_es_37885667.wav,reject,mozilla,unknown,23,59,0,,,,
commands/971441735/esp/0_0_1.wav,command,telegram,971441735,0,0,0,,,,
commands/971441735/esp/16_1_0.wav,command,telegram,971441735,16,46,0,,,,
commands/6182670111/esp/14_0_0.wav,command,telegram,6182670111,14,39,0,,,,
rejects/esp/common_voice_es_37934422.wav,reject,mozilla,unknown,23,59,0,,,,
rejects/esp/bird_df280250_nohash_1.wav,reject,google_speech,df280250,23,59,0,,,,
commands/450427228/esp/4_1_0.wav,command,telegram,450427228,4,7,0,,,,
rejects/esp/seven_324210dd_nohash_2.wav,reject,google_speech,324210dd,23,59,0,,,,
commands/971441735/esp/21_0_1.wav,command,telegram,971441735,21,56,0,,,,
commands/945222367/esp/8_0_0.wav,command,telegram,945222367,8,21,0,,,,
rejects/esp/bird_d1453a87_nohash_1.wav,reject,google_speech,d1453a87,23,59,0,,,,
commands/604008470/esp/14_0_0.wav,command,telegram,604008470,14,39,0,,,,
rejects/esp/common_voice_es_37907582.wav,reject,mozilla,unknown,23,59,0,,,,
commands/450427228/esp/5_7_0.wav,command,telegram,450427228,5,13,1,,,,
rejects/esp/common_voice_es_37918044.wav,reject,mozilla,unknown,23,59,0,,,,
commands/450427228/esp/5_5_0.wav,command,telegram,450427228,5,11,1,,,,
commands/6182670111/esp/1_0_1.wav,command,telegram,6182670111,1,0,1,,,,
commands/529489061/esp/12_1_1.wav,command,telegram,529489061,12,34,0,,,,
commands/450427228/esp/3_1_0.wav,command,telegram,450427228,3,4,1,,,,
rejects/esp/common_voice_es_37732373.wav,reject,mozilla,unknown,23,59,0,,,,
commands/2254966/esp/16_0_0.wav,command,telegram,2254966,16,45,0,,,,
commands/702410657/esp/15_5_0.wav,command,telegram,702410657,15,44,1,,,,
rejects/esp/common_voice_es_37287629.wav,reject,mozilla,unknown,23,59,0,,,,
commands/945222367/esp/8_1_0.wav,command,telegram,945222367,8,22,0,,,,
rejects/esp/common_voice_es_38016785.wav,reject,mozilla,unknown,23,59,0,,,,
commands/945222367/esp/0_0_1.wav,command,telegram,945222367,0,0,0,,,,
commands/2254966/esp/13_2_1.wav,command,telegram,2254966,13,35,1,,,,
commands/67836100/esp/21_0_0.wav,command,telegram,67836100,21,56,0,,,,
rejects/esp/common_voice_es_37766223.wav,reject,mozilla,unknown,23,59,0,,,,
commands/5637757826/esp/1_2_1.wav,command,telegram,5637757826,1,2,1,,,,
commands/2254966/esp/13_5_0.wav,command,telegram,2254966,13,38,1,,,,
commands/2254966/esp/18_0_1.wav,command,telegram,2254966,18,51,0,,,,
commands/2254966/esp/12_1_2.wav,command,telegram,2254966,12,34,0,,,,
rejects/esp/down_324210dd_nohash_2.wav,reject,google_speech,324210dd,23,59,0,,,,
rejects/esp/yes_bfa63751_nohash_0.wav,reject,google_speech,bfa63751,23,59,0,,,,
commands/702410657/esp/21_0_1.wav,command,telegram,702410657,21,56,0,,,,
commands/450427228/esp/5_3_0.wav,command,telegram,450427228,5,9,1,,,,
commands/702410657/esp/20_0_0.wav,command,telegram,702410657,20,54,0,,,,
commands/6182670111/esp/0_0_1.wav,command,telegram,6182670111,0,0,0,,,,
rejects/esp/common_voice_es_37740126.wav,reject,mozilla,unknown,23,59,0,,,,
rejects/esp/left_c1d39ce8_nohash_3.wav,reject,google_speech,c1d39ce8,23,59,0,,,,
commands/529489061/esp/15_4_0.wav,command,telegram,529489061,15,43,1,,,,
rejects/esp/common_voice_es_37530325.wav,reject,mozilla,unknown,23,59,0,,,,
commands/5637757826/esp/15_5_0.wav,command,telegram,5637757826,15,44,1,,,,
